学年,対象の漢字,読み,文章,ぶんしょう
1,一,いち,運動会の徒競走で[一]位になる。,うんどうかいのときょうそうでいちいになる。
1,一,ひと,この世に[一]つしかない指輪が展示される。,このよにひとつしかないゆびわがてんじされる。
1,七,しち,[七]五三の写真をアルバムに入れる。,しちごさんのしゃしんをアルバムにいれる。
1,七,なな,雨の後に[七]色のにじが見えた。,あめのあとになないろのにじがみえた。
1,七,なの,私の誕生日は四月[七]日です。,わたしのたんじょうびはしがつなのかです。
1,三,さん,工事現場の周りに[三]角コーンが並べられている。,こうじげんばのまわりにさんかくコーンがならべられている。
1,三,み,人形のかみを[三]つ編みにする。,にんぎょうのかみをみつあみにする。
1,三,みっ,知り合いからあめ玉を[三]つもらった。,しりあいからあめだまをみっつもらった。
1,上,あ,お祭りの日に花火が打ち[上]がる。,おまつりのひにはなびがうちあがる。
1,上,うえ,机の[上]に教科書を置いておく。,つくえのうえにきょうかしょをおいておく。
1,上,うわ,三学期が終わる日に[上]ぐつを持って帰る。,さんがっきがおわるひにうわぐつをもってかえる。
1,上,かみ,川[上]からももが流れてくる。,かわかみからももがながれてくる。
1,上,じょう,気球が空から地[上]に降りてくる。,ききゅうがそらからちじょうにおりてくる。
1,上,のぼ,電車の[上]り線と下り線をまちがえる。,でんしゃののぼりせんとくだりせんをまちがえる。
1,下,お,おじさんが作業を済ませて、キャタツから[下]りる。,おじさんがさぎょうをすませて、キャタツからおりる。
1,下,か,日曜日に、地[下]鉄に乗って出かける。,にちようびに、ちかてつにのってでかける。
1,下,くだ,山を[下]っているとちゅうで、キツネに会った。,やまをくだっているとちゅうで、キツネにあった。
1,下,げ,トイレで流した水が、[下]水道に流れていく。,トイレでながしたみずが、げすいどうにながれていく。
1,下,さ,秘密兵器のレバーを[下]げる。,ひみつへいきのレバーをさげる。
1,下,した,ソファーの[下]にビー玉が転がっていった。,ソファーのしたにびーだまがころがっていった。
1,下,しも,川[下]の方で、無くしたサンダルが見つかった。,かわしものほうで、なくしたサンダルがみつかった。
1,中,じゅう,今日は一日[中]、風が強かった。,きょうはいちにちじゅう、かぜがつよかった。
1,中,ちゅう,いやな予感が的[中]してしまった。,いやなよかんがてきちゅうしてしまった。
1,中,なか,作品の[中]で、作者の姿がえがかれる。,さくひんのなかで、さくしゃのすがたがえがかれる。
1,九,きゅう,[九]州地方の県庁所在地はマスターした。,きゅうしゅうちほうのけんちょうしょざいちはマスターした。
1,九,く,算数の[九]九はまだ全て暗記できていない。,さんすうのくくはまだすべてあんきできていない。
1,九,ここの,都道府県名のテストで[九]つ書けなかった。,とどうふけんめいのテストでここのつかけなかった。
1,二,に,酸素を取りこんで、[二]酸化炭素をはき出す。,さんそをとりこんで、にさんかたんそをはきだす。
1,二,ふた,かれはいつも[二]言目には﹁やべえ﹂と言う。,かれはいつもふたことめには「やべえ」という。
1,五,いつ,上から[五]つ目のボタンをかけちがえる。,うえからいつつめのボタンをかけちがえる。
1,五,ご,昨日の晩ごはんは[五]目ごはんだった。,きのうのばんごはんはごもくごはんだった。
1,人,じん,小説の主[人]公に共感する。,しょうせつのしゅじんこうにきょうかんする。
1,人,にん,ひな祭りの日にひな[人]形をかざった。,ひなまつりのひにひなにんぎょうをかざった。
1,人,ひと,[人]があまり来ない所に秘密基地をつくる。,ひとがあまりこないところにひみつきちをつくる。
1,休,きゅう,今月は連[休]がないからゆううつだ。,こんげつはれんきゅうがないからゆううつだ。
1,休,やす,お昼[休]みの後の授業はねむい。,おひるやすみのあとのじゅぎょうはねむい。
1,先,さき,さいほう針の[先]が指にささる。,さいほうはりのさきがゆびにささる。
1,先,せん,[先]生といっしょに教室のそうじに取り組む。,せんせいといっしょにきょうしつのそうじにとりくむ。
1,入,い,いつも乗っている自転車をお手[入]れする。,いつものっているじてんしゃをおていれする。
1,入,にゅう,今年から空手教室に[入]門した。,ことしからからてきょうしつににゅうもんした。
1,入,はい,庭の巣箱に鳥が[入]っていった。,にわのすばこにとりがはいっていった。
1,八,はち,夏休みは[八]月末までだ。,なつやすみははちがつまつまでだ。
1,八,や,[八]重桜の写真をとる。,やえざくらのしゃしんをとる。
1,八,や,ものに[八]つ当たりしておこられる。,ものにやつあたりしておこられる。
1,八,やっ,としが[八]つくらいの子と遊ぶ。,としがやっつくらいのことあそぶ。
1,八,よう,[八]日の正午に待ち合わせをする。,ようかのしょうごにまちあわせをする。
1,六,む,とんかつを[六]つ切りにしてテーブルに並べる。,とんかつをむいつぎりにしてテーブルにならべる。
1,六,むい,今日で犬を飼い始めて[六]日目になった。,きょうでいぬをかいはじめてむいかめになった。
1,六,むっ,みかんを[六]つこたつの上に置く。,みかんをむっつこたつのうえにおく。
1,六,ろく,夏休み前は、図書室で[六]冊まで本を借りられます。,なつやすみまえは、としょしつでろくさつまでほんをかりられます。
1,円,えん,おかしの代金を、五[円]玉を使ってはらった。,おかしのだいきんを、ごえんたまをつかってはらった。
1,円,まる,コンパスとハサミを使って、紙を[円]く切った。,コンパスとハサミをつかって、かみをまるくきった。
1,出,しゅつ,ホースから水を一気に放[出]する。,ホースからみずをいっきにほうしゅつする。
1,出,だ,ポケットからハンカチを取り[出]す。,ポケットからハンカチをとりだす。
1,出,で,机のおくから百円玉が[出]てくる。,つくえのおくからひゃくえんたまがでてくる。
1,力,ちから,[力]任せにドアをこじ開ける。,ちからまかせにドアをこじあける。
1,力,りき,こんしんの[力]作がついに完成する。,こんしんのりきさくがついにかんせいする。
1,力,りょく,リンゴが引[力]によって下に落ちる。,リンゴがいんりょくによってしたにおちる。
1,十,じゅう,自動はん売機に[十]円玉を入れる。,じどうはんばいきにじゅうえんたまをいれる。
1,十,と,みんな個性がちがう。[十]人十色だ。,みんなこせいがちがう。じゅうにんといろだ。
1,十,とお,夏休みの[十]日目に遊びにさそわれた。,なつやすみのとおかめにあそびにさそわれた。
1,千,せん,私は二[千]円札を見たことがない。,わたくしはにせんえんさつをみたことがない。
1,千,ち,きれいな[千]代紙でつるを折った。,きれいなちよがみでつるをおった。
1,口,く,上田さんは少し変わった[口]調で話す。,うえださんはすこしかわったくちょうではなす。
1,口,くち,早[口]言葉にチャレンジしたら舌をかんだ。,はやくちことばにチャレンジしたらしたをかんだ。
1,口,こう,日本の中では東京が最も人[口]密度が高い。,にっぽんのなかではとうきょうがもっともじんこうみつどがたかい。
1,右,う,前の車がいきなり[右]折する。,まえのくるまがいきなりうせつする。
1,右,みぎ,[右]手でコップを持って歩く。,みぎてでコップをもってあるく。
1,右,ゆう,横断歩道をわたる前に左[右]を確認する。,おうだんほどうをわたるまえにさゆうをかくにんする。
1,名,な,新しく生まれる子どもの[名]前になやむ。,あたらしくうまれるこどものなまえになやむ。
1,名,みょう,この物語には個性的な[名]字の登場人物が多い。,このものがたりにはこせいてきなみょうじのとうじょうじんぶつがおおい。
1,名,めい,しょうぎの[名]人がコンピュータと勝負をする。,しょうぎのめいじんがコンピュータとしょうぶをする。
1,四,し,[四]季があるのは日本の特ちょうの一つだ。,しきがあるのはにっぽんのとくちょうのひとつだ。
1,四,よ,友達[四]人でババぬきをする。,ともだちよんにんでババぬきをする。
1,四,よっ,夏休み[四]日目から宿題をやらなくなった。,なつやすみよっかめからしゅくだいをやらなくなった。
1,四,よん,[四]連続でじゃんけんに負ける。,よんれんぞくでじゃんけんにまける。
1,土,つち,[土]遊びでどろだらけになって帰ってくる。,つちあそびでどろだらけになってかえってくる。
1,土,と,買った[土]地に家を建てる。,かったとちにいえをたてる。
1,土,ど,ここから先は[土]足禁止ですよ。,ここからさきはどそくきんしですよ。
1,夕,ゆう,きれいな[夕]焼けの写真をとる。,きれいなゆうやけのしゃしんをとる。
1,大,おお,[大]雨でぬれて、かぜをひいてしまった。,おおあめでぬれて、かぜをひいてしまった。
1,大,おお,一番[大]きいサイズの服を買う。,いちばんおおきいサイズのふくをかう。
1,大,たい,このパズル、[大]して難しくなかったね。,このパズル、たいしてむずかしくなかったね。
1,大,だい,私はキャンディーが[大]好きだ。,わたくしはキャンディーがだいすきだ。
1,天,あま,[天]の川をながめながらスイカを食べた。,あまのがわをながめながらスイカをたべた。
1,天,てん,かれは理科の[天]才だ。,かれはりかのてんさいだ。
1,女,おんな,[女]の子が集まっておしゃべりする。,おんなのこがあつまっておしゃべりする。
1,女,じょ,いたずら好きの少[女]に困らされる。,いたずらずきのしょうじょにこまらされる。
1,子,こ,[子]供あつかいされて少しイライラする。,こどもあつかいされてすこしイライラする。
1,子,し,ぐっすりねたから今日は調[子]がいい。,ぐっすりねたからきょうはちょうしがいい。
1,子,す,かれの様[子]がなんだかおかしい。,かれのようすがなんだかおかしい。
1,字,じ,本の中で分からない漢[字]があった。,ほんのなかでわからないかんじがあった。
1,学,がく,中[学]生になって部活動を楽しむ。,ちゅうがくせいになってぶかつどうをたのしむ。
1,学,がっ,音楽の先生が他の[学]校に転勤する。,おんがくのせんせいがほかのがっこうにてんきんする。
1,学,まな,月や地球の動きについて[学]ぶ。,つきやちきゅうのうごきについてまなぶ。
1,小,お,[小]川に船のおもちゃを流して遊ぶ。,おがわにふねのおもちゃをながしてあそぶ。
1,小,こ,朝からずっと[小]降りの雨が続いている。,あさからずっとこぶりのあめがつづいている。
1,小,しょう,[小]数点を書き忘れてバツがついてしまった。,しょうすうてんをかきわすれてバツがついてしまった。
1,小,ちい,氷がとけて[小]さくなる。,こおりがとけてちいさくなる。
1,山,さん,この家からは富士[山]が見える。,このいえからはふじさんがみえる。
1,山,やま,夜の[山]でそうなんしそうになった。,よるのやまでそうなんしそうになった。
1,川,かわ,大きな[川]を船でわたる。,おおきなかわをふねでわたる。
1,左,さ,どうすればいいか分からず右往[左]往する。,どうすればいいかわからずうおうさおうする。
1,左,ひだり,視力検査で[左]目をかくす。,しりょくけんさでひだりめをかくす。
1,年,とし,[年]こしそばをのんびりすする。,としこしそばをのんびりすする。
1,手,しゅ,会場に選[手]が入場してくる。,かいじょうにせんしゅがにゅうじょうしてくる。
1,手,しゅ,相[手]の主張に反論する。,あいてのしゅちょうにはんろんする。
1,手,て,転んで右の[手]の平をすりむく。,ころんでみぎのてのひらをすりむく。
1,文,ぶん,ぼくは算数の[文]章問題が苦手だ。,ぼくはさんすうのぶんしょうもんだいがにがてだ。
1,文,もん,もう決まったことにぐちぐちと[文]句を言う。,もうきまったことにぐちぐちともんくをゆう。
1,日,か,[日]ごろの感謝を家族に伝える。,ひごろのかんしゃをかぞくにつたえる。
1,日,か,くずれた橋が七[日]間で元通りになった。,くずれたはしがななかかんでもととおりになった。
1,日,じつ,この前の休[日]は友達と遊びに行った。,このまえのきゅうじつはともだちとあそびにいった。
1,日,にち,集合する[日]時と場所を確認する。,しゅうごうするにちじとばしょをかくにんする。
1,日,ひ,はち植えを[日]当たりの良い場所に移す。,はちうえをひあたりのよいばしょにうつす。
1,早,そう,急に具合が悪くなって[早]退する。,きゅうにぐあいがわるくなってそうたいする。
1,早,はや,朝[早]くから野球の練習をする。,あさはやくからやきゅうのれんしゅうをする。
1,月,がつ,お正[月]はだらだらして過ごした。,おしょうがつはだらだらしてすごした。
1,月,げつ,今日は満[月]の日だ。,きょうはまんげつのひだ。
1,月,つき,[月]を望遠鏡で見る。,つきをぼうえんきょうでみる。
1,木,き,くりの[木]をゆらしていがぐりを落とす。,くりのきをゆらしていがぐりをおとす。
1,木,こ,[木]かげにね転がって休む。,こかげにねころがってやすむ。
1,木,もく,おぼうさんが[木]魚をたたきながらおきょうを唱える。,おぼうさんがもくぎょをたたきながらおきょうをとなえる。
1,本,ほん,習字のお手[本]を見ながら書く。,しゅうじのおてほんをみながらかく。
1,本,もと,雑草を根[本]から引っこぬく。,ざっそうをねもとからひっこぬく。
1,村,そん,山おくにある農[村]をおとずれる。,やまおくにあるのうそんをおとずれる。
1,村,むら,この[村]は毎年、春にお祭りをする。,このむらはまいとし、はるにおまつりをする。
1,林,はやし,[林]の中の遊歩道をのんびり歩く。,はやしのなかのゆうほどうをのんびりあるく。
1,林,りん,ボランティアの植[林]活動に参加する。,ボランティアのしょくりんかつどうにさんかする。
1,校,こう,入学式に向けて[校]内をかざり付ける。,にゅうがくしきにむけてこうないをかざりつける。
1,森,しん,[森]林の中を散歩する。,しんりんのなかをさんぽする。
1,森,もり,[森]に入って虫を集める。,もりにはいってむしをあつめる。
1,正,しょう,ぼくの家の[正]面にはコンビニがある。,ぼくのいえのしょうめんにはコンビニがある。
1,正,せい,国会で法律が改[正]される。,こっかいでほうりつがかいせいされる。
1,正,ただ,パズルに[正]しいピースをはめこむ。,パズルにただしいピースをはめこむ。
1,正,まさ,昨日見た夢が[正]夢になる。,きのうみたゆめがまさゆめになる。
1,気,き,田中くんはいつも元[気]だ。,たなかくんはいつもげんきだ。
1,気,け,山を登っているとあちこちから動物の[気]配がする。,やまをのぼっているとあちこちからどうぶつのけはいがする。
1,水,すい,池の[水]面に葉っぱがうかんでいる。,いけのすいめんにはっぱがうかんでいる。
1,水,みず,トイレに[水]を流す。,トイレにみずをながす。
1,火,か,料理をするために、コンロを点[火]する。,りょうりをするために、コンロをてんかする。
1,火,ひ,アルコールランプに[火]をつける。,アルコールランプにひをつける。
1,犬,いぬ,飼っている[犬]に顔をなめられる。,かっているいぬにかおをなめられる。
1,犬,けん,かい助[犬]といっしょにレストランに入る。,かいじょけんといっしょにレストランにはいる。
1,玉,ぎょく,家宝の宝[玉]をていねいにみがく。,かほうのほうぎょくをていねいにみがく。
1,玉,たま,スーパーで水[玉]模様のかさを買う。,スーパーでみずたまもようのかさをかう。
1,王,おう,立派なかんむりをかぶった[王]さまに会う。,りっぱなかんむりをかぶったおうさまにあう。
1,生,い,私の祖父はとても長[生]きです。,わたくしのそふはとてもながいきです。
1,生,う,動物園のパンダに子どもが[生]まれる。,どうぶつえんのパンダにこどもがうまれる。
1,生,しょう,エジソンは一[生]のうちに多くの発明をした。,エジソンはいっしょうのうちにおおくのはつめいをした。
1,生,せい,[生]徒会長の選挙でだれに投票しようかなやむ。,せいとかいちょうのせんきょでだれにとうひょうしようかなやむ。
1,生,せい,大学[生]から大学での過ごし方を聞く。,だいがくせいからだいがくでのすごしかたをきく。
1,生,なま,お墓の方から[生]ぬるい風がふいてきた。,おはかのほうからなまぬるいかぜがふいてきた。
1,生,は,家の庭に雑草が[生]える。,いえのにわにざっそうがはえる。
1,田,た,[田]にいねを植えて育つのを待つ。,たにいねをうえてそだつのをまつ。
1,田,でん,この辺はあちこちに水[田]がある。,このへんはあちこちにすいでんがある。
1,男,おとこ,ヒーローショーに[男]の子たちが集まっている。,ヒーローショーにおとこのこたちがあつまっている。
1,男,だん,[男]女で分かれて水着に着がえる。,だんじょでわかれてみずぎにきがえる。
1,男,なん,ぼくは三人兄弟の長[男]だ。,ぼくはさんにんきょうだいのちょうなんだ。
1,町,ちょう,[町]内会で節分の行事が行われる。,ちょうないかいでせつぶんのぎょうじがおこなわれる。
1,町,まち,さすらいの旅人が港[町]に立ち寄る。,さすらいのたびびとがみなとまちにたちよる。
1,白,しら,つまらないギャグで場が[白]ける。,つまらないギャグでばがしらける。
1,白,しろ,[白]い歯をむきだしにして笑う。,しろいはをむきだしにしてわらう。
1,白,はく,平安時代では、[白]米はごちそうだった。,へいあんじだいでは、はくまいはごちそうだった。
1,百,ひゃく,では、教科書の[百]五ページを開いてください。,では、きょうかしょのひゃくごページをひらいてください。
1,目,め,朝食の[目]玉焼きにソースをかける。,ちょうしょくのめだまやきにソースをかける。
1,目,もく,[目]標に向かってつっ走る。,もくひょうにむかってつっぱしる。
1,石,いし,道ばたできれいな[石]を見つけた。,みちばたできれいないしをみつけた。
1,石,しゃく,磁[石]を使って砂鉄を集める。,じしゃくをつかってさてつをあつめる。
1,石,せき,ドリルで岩[石]をくだいてトンネルをほる。,ドリルでがんせきをくだいてトンネルをほる。
1,空,あ,来週なら予定が[空]いているよ。,らいしゅうならよていがあいているよ。
1,空,から,部屋の整理をして、たなが[空]になる。,へやのせいりをして、たながからになる。
1,空,そら,夕方を過ぎて[空]が暗くなってきた。,ゆうがたをすぎてそらがくらくなってきた。
1,立,た,ここから先は危険なので[立]ち入り禁止です。,ここからさきはきけんなのでたちいりきんしです。
1,立,りつ,勉強と部活を両[立]させる。,べんきょうとぶかつをりょうりつさせる。
1,竹,たけ,[竹]を使ってかごを編む。,たけをつかってかごをあむ。
1,竹,ちく,おじいさんは[竹]林でかぐやひめを見つけた。,おじいさんはちくりんでかぐやひめをみつけた。
1,糸,いと,集中して針の穴に[糸]を通す。,しゅうちゅうしてはりのあなにいとをとおす。
1,耳,みみ,その豆知識は初[耳]だった。,そのまめちしきははつみみだった。
1,花,か,学校の[花]だんに、あたらしい花を植えた。,がっこうのかだんに、あたらしいはなをうえた。
1,花,はな,タンポポの[花]が白い綿毛に変わる。,タンポポのはながしろいわたげにかわる。
1,草,くさ,[草]むらからコオロギの鳴き声が聞こえる。,くさむらからコオロギのなきごえがきこえる。
1,草,そう,山おくから薬[草]をつんでくる。,やまおくからやくそうをつんでくる。
1,虫,ちゅう,魚の身から寄生[虫]を取り除く。,さかなのみからきせいちゅうをとりのぞく。
1,虫,むし,[虫]歯を治しに歯医者へ行く。,むしばをなおしにはいしゃへいく。
1,見,けん,消しゴムがどこに行ったのか[見]当もつかない。,けしごむがどこにいったのかけんとうもつかない。
1,見,み,乗車券を駅員さんに[見]せる。,じょうしゃけんをえきいんさんにみせる。
1,見,み,友達を[見]習って真面目に取り組む。,ともだちをみならってまじめにとりくむ。
1,貝,かい,砂はまで[貝]がらを拾い集める。,すなはまでかいがらをひろいあつめる。
1,赤,あか,ケガをして[赤]い血が出る。,ケガをしてあかいちがでる。
1,赤,あか,先生が[赤]のボールペンでテストを採点する。,せんせいがあかのボールペンでテストをさいてんする。
1,赤,せき,先生をお母さんと呼んでしまって[赤]面する。,せんせいをおかあさんとよんでしまってせきめんする。
1,足,あし,森の中を[足]元に気をつけて歩く。,もりのなかをあしもとにきをつけてあるく。
1,足,そく,他の人の説明に補[足]を加える。,ほかのひとのせつめいにほそくをくわえる。
1,足,た,クッキーの生地に砂糖を少し[足]す。,クッキーのきじにさとうをすこしたす。
1,車,くるま,[車]のタイヤがどろにはまってしまう。,くるまのタイヤがどろにはまってしまう。
1,車,しゃ,自転[車]で遠くに出かける。,じてんしゃでとおくにでかける。
1,金,かな,[金]づちでくぎを打つ。,かなづちでくぎをうつ。
1,金,かね,海外旅行に行くためにお[金]をかせぐ。,かいがいりょこうにいくためにおかねをかせぐ。
1,金,きん,毎週[金]曜日はピアノ教室の日だ。,まいしゅうきんようびはピアノきょうしつのひだ。
1,金,こん,岐阜県には[金]色の織田信長像がある。,ぎふけんにはこんじきのおだのぶながぞうがある。
1,雨,あめ,[雨]が降ったせいで、今日の遠足は中止になった。,あめがふったせいで、きょうのえんそくはちゅうしになった。
1,雨,う,今年のつゆは、特に降[雨]量が多いらしい。,ことしのつゆは、とくにこううりょうがおおいらしい。
1,青,あお,パンに[青]カビが生えてしまった。,パンにあおかびがはえてしまった。
1,青,あお,忘れ物に気づいて顔が[青]くなる。,わすれものにきづいてかおがあおくなる。
1,青,せい,[青]春を思い切り楽しむ。,せいしゅんをおもいきりたのしむ。
1,音,おと,虫の羽[音]が気になって、勉強に集中できない。,むしのはおとがきになって、べんきょうにしゅうちゅうできない。
1,音,おん,この問題の答えは[音]読みです。,このもんだいのこたえはおんよみです。
1,音,ね,どこかからピアノのきれいな[音]色が聞こえてくる。,どこかからピアノのきれいなねいろがきこえてくる。
2,万,まん,今年もらったお年玉は全部で一[万]円だった。,ことしもらったおとしだまはぜんぶでいちまんえんだった。
2,丸,まる,苦手なレーズンを[丸]飲みする。,にがてなレーズンをまるのみする。
2,交,こう,[交]番に落とし物を届ける。,こうばんにおとしものをとどける。
2,交,ま,大人たちに[交]じっておしゃべりする。,おとなたちにまじっておしゃべりする。
2,交,まじ,校長先生も[交]えてクラス会を開く。,こうちょうせんせいもまじえてクラスかいをひらく。
2,京,きょう,[京]都のおみやげをたくさん買って帰る。,きょうとのおみやげをたくさんかってかえる。
2,今,いま,楽しみにしていた試合が[今]から始まる。,たのしみにしていたしあいがいまからはじまる。
2,今,こん,[今]週の土曜日、いっしょに遊びに行かない？,こんしゅうのどようび、いっしょにあそびにいかない?
2,会,あ,芸能人と[会]って、あく手をしてもらった。,げいのうじんとあって、あくしゅをしてもらった。
2,会,かい,社[会]の授業で居ねむりしておこられた。,しゃかいのじゅぎょうでいねむりしておこられた。
2,体,からだ,おふろに入って[体]のよごれを洗い流す。,おふろにはいってからだのよごれをあらいながす。
2,体,たい,テニスの[体]験教室に参加する。,テニスのたいけんきょうしつにさんかする。
2,何,なに,君は昼休みには、いつも[何]をしているの？,きみはひるやすみには、いつもなにをしているの?
2,作,さ,神社にお参りするときの[作]法を調べる。,じんじゃにおまいりするときのさほうをしらべる。
2,作,さく,畑から[作]物を収かくする。,はたけからさくもつをしゅうかくする。
2,作,つく,オリジナルの歌を[作]る。,オリジナルのうたをつくる。
2,元,がん,[元]日の朝はのんびりした気分になる。,がんじつのあさはのんびりしたきぶんになる。
2,元,げん,数学の苦手な単[元]を復習する。,すうがくのにがてなたんげんをふくしゅうする。
2,元,もと,手[元]がくるってしまった。,てもとがくるってしまった。
2,兄,あに,[兄]とケンカしていたら、二人ともおこられた。,あにとケンカしていたら、ふたりともおこられた。
2,兄,きょう,ぼくの家は七人[兄]弟の大家族だ。,ぼくのいえはななにんきょうだいのだいかぞくだ。
2,光,こう,窓から日[光]が入ってくる。,まどからにっこうがはいってくる。
2,光,ひか,地面に何か[光]るものが落ちている。,じめんになんかひかるものがおちている。
2,光,ひかり,雪が太陽の[光]を反射してまぶしい。,ゆきがたいようのひかりをはんしゃしてまぶしい。
2,公,こう,放課後に近所の[公]園に集合する。,ほうかごにきんじょのこうえんにしゅうごうする。
2,内,うち,部屋の[内]側からかぎをかける。,へやのうちがわからかぎをかける。
2,内,ない,笑ったけど、[内]心つまらないと思っている。,わらったけど、ないしんつまらないとおもっている。
2,冬,とう,[冬]至を過ぎて日がだんだん長くなる。,とうじをすぎてひがだんだんながくなる。
2,冬,ふゆ,リスが[冬]に備えて食べ物を集めている。,リスがふゆにそなえてたべものをあつめている。
2,刀,かたな,おもちゃの[刀]をふり回して遊ぶ。,おもちゃのかたなをふりまわしてあそぶ。
2,刀,とう,武将にほうびとして、名[刀]がおくられる。,ぶしょうにほうびとして、めいとうがおくられる。
2,分,ふん,バスが五[分]おくれてとうちゃくする。,バスがごふんおくれてとうちゃくする。
2,分,ぶ,[分]厚い本が頭に落ちて、たんこぶができる。,ぶあついほんがあたまにおちて、たんこぶができる。
2,分,ぶん,おこる前に、おれの言い[分]を聞いてよ。,おこるまえに、おれのいいぶんをきいてよ。
2,分,わ,決着がつかないから、この勝負は引き[分]けだ。,けっちゃくがつかないから、このしょうぶはひきわけだ。
2,切,き,人気商品がすぐに売り[切]れた。,にんきしょうひんがすぐにうりきれた。
2,切,せつ,木材を一定の長さで[切]断する。,もくざいをいっていのながさでせつだんする。
2,前,ぜん,以[前]と同じ方法で問題を解決する。,いぜんとおなじほうほうでもんだいをかいけつする。
2,前,まえ,服を後ろ[前]に着てしまう。,ふくをうしろまえにきてしまう。
2,北,きた,じゃ、十時に〇〇 駅の[北]口に集合ね！修学旅行の思い出に木刀を買う。,じゃ、じゅうじにれいれいきごうえきのきたぐちにしゅうごうね!しゅうがくりょこうのおもいでにぼくとうをかう。
2,北,ほく,台風が[北]上して日本に近づく。,たいふうがほくじょうしてにっぽんにちかづく。
2,午,ご,今日は[午]後四時から大事な用事がある。,きょうはごごしじからだいじなようじがある。
2,半,なか,旅の[半]ばでたおれてしまう。,たびのなかばでたおれてしまう。
2,半,はん,運動会の前[半]戦は、白組が多くの点を取った。,うんどうかいのぜんはんせんは、しろぐみがおおくのてんをとった。
2,南,なん,[南]極大陸はどの国の領土でもない。,なんきょくたいりくはどのくにのりょうどでもない。
2,南,みなみ,近くの駅の[南]口で待ち合わせする。,ちかくのえきのみなみぐちでまちあわせする。
2,原,げん,実験が失敗した[原]因を調べる。,じっけんがしっぱいしたげんいんをしらべる。
2,原,はら,広い野[原]で虫取りをする。,ひろいのはらでむしとりをする。
2,友,とも,[友]達に遊びにさそわれた。,ともだちにあそびにさそわれた。
2,友,ゆう,ぼくとかれの間には熱い[友]情がある。,ぼくとかれのあいだにはあついゆうじょうがある。
2,古,こ,中[古]のマンガを買ったら落書きがされていた。,ちゅうこのマンガをかったららくがきがされていた。
2,古,ふる,この村には[古]くからの言い伝えがある。,このむらにはふるくからのいいつたえがある。
2,台,たい,夏祭りの屋[台]で焼きそばを買った。,なつまつりのやたいでやきそばをかった。
2,台,だい,劇の[台]本を役者たちに配る。,げきのだいほんをやくしゃたちにくばる。
2,合,あ,秘密基地に入るための[合]い言葉を決める。,ひみつきちにはいるためのあいことばをきめる。
2,合,がっ,学芸会で[合]唱する曲を多数決で決める。,がくげいかいでがっしょうするきょくをたすうけつできめる。
2,合,ごう,リレーで負けたが、[合]計点では赤組に勝った。,リレーでまけたが、ごうけいてんではあかぐみにかった。
2,同,おな,[同]じしゅみの話で盛り上がる。,おなじしゅみのはなしでもりあがる。
2,同,どう,鳥取県と島根県を混[同]する。,とっとりけんとしまねけんをこんどうする。
2,回,かい,アイテムを使って主人公を[回]復させた。,アイテムをつかってしゅじんこうをかいふくさせた。
2,回,まわ,らせん階段を降りると中で目が[回]ってしまう。,らせんかいだんをおりるとなかでめがまわってしまう。
2,図,ず,いろいろな[図]形の面積の計算の仕方を覚えた。,いろいろなずけいのめんせきのけいさんのしかたをおぼえた。
2,図,と,作品から作者の意[図]を読み取る。,さくひんからさくしゃのいとをよみとる。
2,国,くに,私のしゅ味はいろんな[国]の歴史を調べることです。,わたくしのしゅあじはいろんなくにのれきしをしらべることです。
2,国,こく,オリンピックは四年に一度の[国]際的な大会だ。,オリンピックはよんねんにいちどのこくさいてきなたいかいだ。
2,園,えん,ぼくの家は、黄色いジャングルジムのある公[園]のとなりだよ。,ぼくのいえは、きいろいジャングルジムのあるこうえんのとなりだよ。
2,地,じ,アイスを[地]面に落としてしまう。,アイスをじめんにおとしてしまう。
2,地,ち,人間と比べると、[地]球はとても大きい。,にんげんとくらべると、ちきゅうはとてもおおきい。
2,場,じょう,小学一年生のころから空手道[場]に通っている。,しょうがくいちねんせいのころからからてどうじょうにかよっている。
2,場,ば,行きたい[場]所への道を調べる。,いきたいばしょへのみちをしらべる。
2,声,こえ,英文を[声]に出して読む。,えいぶんをこえにだしてよむ。
2,声,せい,イヤホンから音[声]がもれる。,イヤホンからおんせいがもれる。
2,売,う,新作ゲームの[売]れ行きは好調だ。,しんさくゲームのうれゆきはこうちょうだ。
2,売,ばい,この店では骨とう品を[売]買している。,このみせではこっとうひんをばいばいしている。
2,売,ばい,来週、期間限定のおかしが発[売]される。,らいしゅう、きかんげんていのおかしがはつばいされる。
2,夏,か,近所のじゅくがやっている、[夏]期講習に参加させられる。,きんじょのじゅくがやっている、かきこうしゅうにさんかさせられる。
2,夏,なつ,もう秋なのに、今日はまるで[夏]みたいに暑い。,もうあきなのに、きょうはまるでなつみたいにあつい。
2,外,がい,夏休みに海[外]旅行に行った友達からおみやげをもらう。,なつやすみにかいがいりょこうにいったともだちからおみやげをもらう。
2,外,そと,家の中はすずしいけれど、[外]は暑そうだなあ。,いえのなかはすずしいけれど、そとはあつそうだなあ。
2,外,はず,町[外]れにある古い空き家にまつわるかい談を話す。,まちはずれにあるふるいあきやにまつわるかいだんをはなす。
2,外,ほか,思いの[外]の出来事にあわてる。,おもいのほかのできごとにあわてる。
2,多,おお,今日は暑いから飲み物を[多]めに持っていく。,きょうはあついからのみものをおおめにもっていく。
2,多,た,作文を書き直して、内容を[多]少変える。,さくぶんをかきなおして、ないようをたしょうかえる。
2,夜,や,今[夜]は九時からテレビで映画を見る。,こんやはきゅうじからテレビでえいがをみる。
2,夜,よ,真[夜]中に救急車の音が聞こえてくる。,まよなかにきゅうきゅうしゃのおとがきこえてくる。
2,夜,よる,[夜]おそくまでさわいで、親におこられる。,よるおそくまでさわいで、おやにおこられる。
2,太,た,丸[太]を結び合わせていかだを作る。,まるたをむすびあわせていかだをつくる。
2,太,たい,[太]平洋で漁をする。,たいへいようでりょうをする。
2,太,ふと,[太]って今までの服が着られなくなる。,ふとっていままでのふくがきられなくなる。
2,太,ふと,学級新聞の見出しを[太]い文字で書く。,がっきゅうしんぶんのみだしをふといもじでかく。
2,妹,いもうと,かぜをひいた[妹]にアイスを買ってあげた。,かぜをひいたいもうとにアイスをかってあげた。
2,姉,あね,ぼくには働いている[姉]がいる。,ぼくにははたらいているあねがいる。
2,室,しつ,病[室]をまちがえて入る。,びょうしつをまちがえてはいる。
2,家,け,豊臣秀吉はもともと、織田信長の[家]来だった。,とよとみひでよしはもともと、おだのぶながのけらいだった。
2,家,や,となりの古い空き[家]が取りこわされる。,となりのふるいあきやがとりこわされる。
2,寺,じ,金閣[寺]には本物の金が使われている。,きんかくじにはほんもののかねがつかわれている。
2,寺,てら,お[寺]でざぜんを組んで修行する。,おてらでざぜんをくんでしゅぎょうする。
2,少,しょう,ダイエットで体重が減[少]する。,ダイエットでたいじゅうがげんしょうする。
2,少,すく,ばつとしておこづかいを[少]なくされる。,ばつとしておこづかいをすくなくされる。
2,少,すこ,ラーメンに[少]しだけコショウをかける。,ラーメンにすこしだけコショウをかける。
2,岩,いわ,森の中の[岩]にこけが生えている。,もりのなかのいわにこけがはえている。
2,岩,がん,近所の地層から火山[岩]が見つかった。,きんじょのちそうからかざんがんがみつかった。
2,工,く,きれいなガラス細[工]の作品が売られていた。,きれいなガラスさいくのさくひんがうられていた。
2,工,こう,いつも通っている道が[工]事中だった。,いつもかよっているみちがこうじちゅうだった。
2,市,いち,朝[市]で新せんな野菜や魚を買う。,あさいちでしんせんなやさいやさかなをかう。
2,市,し,[市]役所から大事な手紙が届いた。,しやくしょからだいじなてがみがとどいた。
2,帰,かえ,[帰]り道でかわいい子ねこと会った。,かえりみちでかわいいこねことあった。
2,帰,き,入院していた選手が昨日復[帰]した。,にゅういんしていたせんしゅがきのうふっきした。
2,広,こう,[広]告のチラシを受け取る。,こうこくのチラシをうけとる。
2,広,ひろ,野原にシートを[広]げてピクニックする。,のはらにシートをひろげてピクニックする。
2,店,てん,駅の売[店]でお弁当を買う。,えきのばいてんでおべんとうをかう。
2,店,みせ,[店]の前に看板を出す。,みせのまえにかんばんをだす。
2,弓,ゆみ,戦国時代に作られた[弓]矢が資料館に展示されている。,せんごくじだいにつくられたゆみやがしりょうかんにてんじされている。
2,引,いん,好きだったプロ野球選手が、ケガをして[引]退してしまった。,すきだったプロやきゅうせんしゅが、ケガをしていんたいしてしまった。
2,引,ひ,土から出てきたミミズをつついたら、穴の中に[引]っこんでいった。,つちからでてきたミミズをつついたら、あなのなかにひっこんでいった。
2,弟,おとうと,[弟]から電話がかかってくる。,おとうとからでんわがかかってくる。
2,弟,だい,私にはかなり年のはなれた兄[弟]がいる。,わたくしにはかなりとしのはなれたきょうだいがいる。
2,弱,じゃく,強[弱]をつけた話し方で説明する。,きょうじゃくをつけたはなしかたでせつめいする。
2,弱,よわ,なべのお湯がふっとうしたので火を[弱]めた。,なべのおゆがふっとうしたのでひをよわめた。
2,強,きょう,学級新聞の見出しが赤ペンで[強]調されている。,がっきゅうしんぶんのみだしがあかぺんできょうちょうされている。
2,強,つよ,台風でとても[強]い風がふいている。,たいふうでとてもつよいかぜがふいている。
2,当,あ,保健室に行ってけがの手[当]てをしてもらう。,ほけんしつにいってけがのてあてをしてもらう。
2,当,とう,犯人が観念して、本[当]のことを話す。,はんにんがかんねんして、ほんとうのことをはなす。
2,形,かた,祖母の[形]見を大切にしまっておく。,そぼのかたみをたいせつにしまっておく。
2,形,かたち,物を入れすぎて、ダンボール箱の[形]がゆがむ。,ものをいれすぎて、ダンボールばこのかたちがゆがむ。
2,形,ぎょう,誕生日プレゼントの人[形]を大切にする。,たんじょうびプレゼントのにんぎょうをたいせつにする。
2,形,けい,台[形]の面積を答える問題でまちがえる。,だいけいのめんせきをこたえるもんだいでまちがえる。
2,後,あと,バケツの水で花火の[後]始末をする。,バケツのみずではなびのあとしまつをする。
2,後,うし,車の[後]ろによごれが付いている。,くるまのうしろによごれがついている。
2,後,こう,この物語は[後]半からおどろきの展開が続く。,このものがたりはこうはんからおどろきのてんかいがつづく。
2,後,こう,放課[後]に近所の公園に集合する。,ほうかごにきんじょのこうえんにしゅうごうする。
2,後,ご,チョコレートの最[後]の一個を横取りされる。,チョコレートのさいごのいちこをよこどりされる。
2,後,のち,明日の天気は晴れ[後]くもりでしょう。,あしたのてんきははれのちくもりでしょう。
2,心,こころ,授業中にねないよう[心]がける。,じゅぎょうちゅうにねないようこころがける。
2,心,しん,台風の中[心]には雲がない。,たいふうのちゅうしんにはくもがない。
2,思,し,目の前の問題について[思]考をめぐらせる。,めのまえのもんだいについてしこうをめぐらせる。
2,戸,こ,一[戸]建ての家に住む。,いっこだてのいえにすむ。
2,戸,と,[戸]を開いて部屋に入る。,とをひらいてへやにはいる。
2,才,さい,意外なところで[才]能を発揮する。,いがいなところでさいのうをはっきする。
2,教,おし,友達に宿題の答えを[教]えてもらった。,ともだちにしゅくだいのこたえをおしえてもらった。
2,教,おそ,水泳[教]室でクロールのコツを教わる。,すいえいきょうしつでクロールのコツをおそわる。
2,教,きょう,先生に説[教]されて落ちこむ。,せんせいにせっきょうされておちこむ。
2,数,かず,これまでに[数]多くの勉強をしてきた。,これまでにかずおおくのべんきょうをしてきた。
2,数,かぞ,プリントを[数]えまちがえて足りなくなる。,プリントをかぞえまちがえてたりなくなる。
2,数,すう,パスワードの[数]字を入力する。,パスワードのすうじをにゅうりょくする。
2,新,あたら,父に[新]しいくつを買ってもらう。,ちちにあたらしいくつをかってもらう。
2,新,あら,気持ちを[新]たにして一学期をむかえる。,きもちをあらたにしていちがっきをむかえる。
2,新,しん,[新]聞でニュースをチェックする。,しんぶんでニュースをチェックする。
2,新,にい,[新]潟県で大きなイベントが行われる。,にいがたけんでおおきなイベントがおこなわれる。
2,方,かた,やれやれ、仕[方]ないなあ。,やれやれ、しかたないなあ。
2,方,ほう,私が住んでいる新潟県は中部地[方]にあります。,わたくしがすんでいるにいがたけんはちゅうぶちほうにあります。
2,明,あ,夜が[明]けると台風は過ぎ去っていた。,よるがあけるとたいふうはすぎさっていた。
2,明,あ,夜になったので部屋に[明]かりをつける。,よるになったのでへやにあかりをつける。
2,明,あか,初日の出で空が[明]るくなるのをながめる。,はつひのででそらがあかるくなるのをながめる。
2,明,あき,実験によって理論の正しさを[明]らかにした。,じっけんによってりろんのただしさをあきらかにした。
2,明,みょう,黒い雲の割れ目からひとすじの光[明]が差す。,くろいくものわれめからひとすじのこうみょうがさす。
2,明,めい,ステージの照[明]でダンサーを照らす。,ステージのしょうめいでダンサーをてらす。
2,星,せい,土[星]の輪はほとんど氷でできている。,どせいのわはほとんどこおりでできている。
2,星,ほし,いなかでは夜の[星]がよく見える。,いなかではよるのほしがよくみえる。
2,春,しゅん,[春]分の日を過ぎて暖かくなってきた。,しゅんぶんのひをすぎてあたたかくなってきた。
2,春,はる,雪がとけて[春]になる。,ゆきがとけてはるになる。
2,昼,ちゅう,今日の[昼]食はラーメンだった。,きょうのちゅうしょくはラーメンだった。
2,昼,ひる,今日の[昼]飯は何にしよう。,きょうのひるめしはなんにしよう。
2,時,じ,親から学生当[時]の話を聞く。,おやからがくせいとうじのはなしをきく。
2,時,とき,タイムマシンで[時]をさかのぼる。,タイムマシンでときをさかのぼる。
2,晴,せい,台風が過ぎて今日は快[晴]だ。,たいふうがすぎてきょうはかいせいだ。
2,晴,は,見[晴]らしのいい所に家を建てる。,みはらしのいいところにいえをたてる。
2,曜,よう,毎週水[曜]日には習い事がある。,まいしゅうすいようびにはならいごとがある。
2,書,か,遠くの友達に手紙を[書]く。,とおくのともだちにてがみをかく。
2,書,しょ,図[書]カードで本を買う。,としょカードでほんをかう。
2,朝,あさ,毎[朝]、ジョギングして体をきたえている。,まいあさ、ジョギングしてからだをきたえている。
2,朝,ちょう,[朝]礼の最中にいねむりしてしまう。,ちょうれいのさいちゅうにいねむりしてしまう。
2,来,く,クラスに教育実習生がやって[来]る。,クラスにきょういくじっしゅうせいがやってくる。
2,来,らい,今回のフェスの[来]場者数は五千人にもなった。,こんかいのフェスのらいじょうしゃすうはごせんにんにもなった。
2,東,とう,国会議事堂があるのは[東]京都だ。,こっかいぎじどうがあるのはとうきょうとだ。
2,東,ひがし,[東]と西の向きをまちがえてしまう。,ひがしとにしのむきをまちがえてしまう。
2,楽,たの,修学旅行当日を[楽]しみに待つ。,しゅうがくりょこうとうじつをたのしみにまつ。
2,楽,らく,まさる君とは、気[楽]に話せる仲のいい関係だ。,まさるくんとは、きらくにはなせるなかのいいかんけいだ。
2,歌,うた,赤ちゃんに子もり[歌]を歌ってあげる。,あかちゃんにこもりうたをうたってあげる。
2,歌,か,テレビに父の好きな[歌]手が出ていた。,テレビにちちのすきなかしゅがでていた。
2,止,し,雨が降って運動会が中[止]になる。,あめがふってうんどうかいがちゅうしになる。
2,止,と,水にもぐって息を[止]める。,みずにもぐっていきをとめる。
2,歩,あゆ,おたがいの[歩]み寄りで問題を解決する。,おたがいのあゆみよりでもんだいをかいけつする。
2,歩,ある,観光地めぐりをしていたら[歩]きつかれてしまった。,かんこうちめぐりをしていたらあるきつかれてしまった。
2,歩,ほ,交通ルールは原則、[歩]行者優先だ。,こうつうルールはげんそく、ほこうしゃゆうせんだ。
2,母,はは,[母]の日に何をおくるか父に相談する。,ははのひになんをおくるかちちにそうだんする。
2,母,ぼ,ぼくの[母]校は 〇×小学校です。,ぼくのぼこうはきごうきごうきごうしょうがっこうです。
2,毎,まい,この川原では[毎]年、花火大会が行われる。,このかわらではまいとし、はなびたいかいがおこなわれる。
2,毛,け,ネコが[毛]糸玉を転がして遊んでいる。,ネコがけいとたまをころがしてあそんでいる。
2,毛,もう,冬の間は羽[毛]布団でねている。,ふゆのあいだはうもうぶとんでねている。
2,池,いけ,[池]にハスの花がたくさんさいている。,いけにハスのはながたくさんさいている。
2,池,ち,リモコンの電[池]を交かんする。,リモコンのでんちをこうかんする。
2,汽,き,日本に[汽]車が初めて走ったのは明治時代だ。,にっぽんにきしゃがはじめてはしったのはめいじじだいだ。
2,活,かつ,部[活]動に全力で取り組む。,ぶかつどうにぜんりょくでとりくむ。
2,海,うみ,どちらが長く[海]にもぐっていられるか勝負する。,どちらがながくうみにもぐっていられるかしょうぶする。
2,海,かい,コロンブスは航[海]をして、新しい大陸を発見した。,コロンブスはこうかいをして、あたらしいたいりくをはっけんした。
2,点,てん,打ち上げ花火に[点]火して、すぐはなれる。,うちあげはなびにてんかして、すぐはなれる。
2,父,ちち,[父]の日におくり物をする。,ちちのひにおくりものをする。
2,父,ふ,授業参観の日はいろんな子の[父]母が来る。,じゅぎょうさんかんのひはいろんなこのふぼがくる。
2,牛,うし,牧場で[牛]の乳しぼりを体験する。,ぼくじょうでうしのちちしぼりをたいけんする。
2,牛,ぎゅう,たくさんの[牛]乳を使っておかしを作る。,たくさんのぎゅうにゅうをつかっておかしをつくる。
2,理,り,調[理]実習のためのエプロンを忘れる。,ちょうりじっしゅうのためのエプロンをわすれる。
2,用,もち,色えんぴつを[用]いてリアルな絵をかく。,いろえんぴつをもちいてリアルなえをかく。
2,用,よう,私の家族はみんな不器[用]で、さいほうが苦手だ。,わたくしのかぞくはみんなぶきようで、さいほうがにがてだ。
2,画,かく,温泉旅行の計[画]を家族みんなで話し合う。,おんせんりょこうのけいかくをかぞくみんなではなしあう。
2,画,が,先生にたのまれて図工室から[画]用紙を持ってくる。,せんせいにたのまれてずこうしつからがようしをもってくる。
2,番,ばん,相澤くんの出席[番]号は一番だ。,あいざわくんのしゅっせきばんごうはいちばんだ。
2,直,じき,皿を割ったことを正[直]にあやまる。,さらをわったことをしょうじきにあやまる。
2,直,ただ,新しい宿題が出たら[直]ちに取り組んでいる。,あたらしいしゅくだいがでたらただちにとりくんでいる。
2,直,ちょく,定規を使って[直]線を引く。,じょうぎをつかってちょくせんをひく。
2,直,なお,こわれたイスをあっという間に[直]した。,こわれたイスをあっというまになおした。
2,矢,や,看板の[矢]印をたどって、お店に向かう。,かんばんのやじるしをたどって、おみせにむかう。
2,知,し,[知]り合いといっしょにお昼ご飯を食べる。,しりあいといっしょにおひるごはんをたべる。
2,知,ち,スマホにメールの通[知]が届く。,スマホにメールのつうちがとどく。
2,社,しゃ,大人になって会[社]に就職する。,おとなになってかいしゃにしゅうしょくする。
2,社,やしろ,お[社]をこわして神様にたたられる。,おやしろをこわしてかみさまにたたられる。
2,秋,あき,[秋]になって山がきれいな赤色になる。,あきになってやまがきれいなあかいろになる。
2,秋,しゅう,最近すずしくなってきた。もうすぐ[秋]分だね。,さいきんすずしくなってきた。もうすぐしゅうぶんだね。
2,科,か,教[科]書に落書きしていたらおこられた。,きょうかしょにらくがきしていたらおこられた。
2,答,こた,他の人の[答]えをぬすみ見たのがばれる。,ほかのひとのこたえをぬすみみたのがばれる。
2,答,こた,先生からの質問に[答]える。,せんせいからのしつもんにこたえる。
2,答,とう,テストの一週間後に[答]案が返ってくる。,テストのいちしゅうかんごにとうあんがかえってくる。
2,算,さん,おつりを計[算]して客にわたす。,おつりをけいさんしてきゃくにわたす。
2,米,こめ,[米]俵を持って年ぐを納めに行く。,こめだわらをもってねんぐをおさめにいく。
2,米,べい,アメリカは﹁[米]国﹂とよばれることがある。,アメリカは「べいこく」とよばれることがある。
2,米,まい,母は最近、無洗[米]を買っているらしい。,はははさいきん、むせんまいをかっているらしい。
2,紙,かみ,[紙]で手を切ってしまう。,かみでてをきってしまう。
2,紙,し,本の表[紙]をよごしてしまった。,ほんのひょうしをよごしてしまった。
2,細,こま,玉ねぎを[細]かく切り刻む。,たまねぎをこまかくきりきざむ。
2,細,さい,宝石がニセ物ではないか、[細]部まで調べる。,ほうせきがにせものではないか、さいぶまでしらべる。
2,細,ほそ,森で拾った[細]長い枝をふり回す。,もりでひろったほそながいえだをふりまわす。
2,組,く,冷蔵庫の仕[組]みを本で調べる。,れいぞうこのしくみをほんでしらべる。
2,組,くみ,クラスがえで三[組]になる。,クラスがえでさんくみになる。
2,組,そ,地域の自治会が[組]織される。,ちいきのじちかいがそしきされる。
2,絵,え,パレットを洗わないでいたら、[絵]の具がカチカチになっちゃった。,パレットをあらわないでいたら、えのぐがカチカチになっちゃった。
2,線,せん,電[線]の上にカラスがとまっている。,でんせんのうえにカラスがとまっている。
2,羽,は,公園のハトがいっせいに[羽]ばたく。,こうえんのハトがいっせいにはばたく。
2,羽,はね,空からカラスの[羽]がひらひらと落ちてきた。,そらからカラスのはねがひらひらとおちてきた。
2,考,かんが,自分の[考]えを他の人に話す。,じぶんのかんがえをほかのひとにはなす。
2,考,こう,冬休みの旅行計画を[考]案する。,ふゆやすみのりょこうけいかくをこうあんする。
2,聞,き,校長先生の話をじっとすわって[聞]く。,こうちょうせんせいのはなしをじっとすわってきく。
2,聞,ぶん,新[聞]紙にのっている四コママンガを読む。,しんぶんしにのっているよんこまマンガをよむ。
2,肉,にく,皮[肉]を言ったけど通じてないみたいだ。,ひにくをいったけどつうじてないみたいだ。
2,自,し,ウソをついて不[自]然な態度になる。,ウソをついてふしぜんなたいどになる。
2,自,じ,今回のテストは[自]信がある。,こんかいのテストはじしんがある。
2,自,みずか,トイレそうじを[自]ら進んで引き受ける。,トイレそうじをみずからすすんでひきうける。
2,船,せん,風[船]が空高く飛んでいく。,ふうせんがそらたかくとんでいく。
2,船,ふな,一か月間の[船]旅に出発する。,いちかげつかんのふなたびにしゅっぱつする。
2,船,ふね,[船]の近くをイルカの群れが通る。,ふねのちかくをイルカのむれがとおる。
2,色,いろ,[色]えんぴつでぬり絵をする。,いろえんぴつでぬりえをする。
2,色,しき,芸能人がサインした[色]紙がかざられている。,げいのうじんがサインしたしきしがかざられている。
2,色,しょく,自分の暮らす町の特[色]について調べた。,じぶんのくらすまちのとくしょくについてしらべた。
2,茶,ちゃ,お客さんにお[茶]を出す。,おきゃくさんにおちゃをだす。
2,行,い,おじいちゃんのお見まいに病院へ[行]く。,おじいちゃんのおみまいにびょういんへいく。
2,行,おこな,公民館で絵の展示会が[行]われた。,こうみんかんでえのてんじかいがおこなわれた。
2,行,ぎょう,会場に[行]列ができている。,かいじょうにぎょうれつができている。
2,行,こう,最近、流[行]しているデザインの服を買う。,さいきん、りゅうこうしているデザインのふくをかう。
2,行,ゆ,この物語の[行]く末はどうなるんだろう。,このものがたりのゆくすえはどうなるんだろう。
2,西,さい,大阪出身の友達が関[西]弁で話す。,おおさかしゅっしんのともだちがかんさいべんではなす。
2,西,せい,美しい[西]洋の建物の写真に見とれる。,うつくしいせいようのたてもののしゃしんにみとれる。
2,西,にし,夕方になって太陽が[西]にしずんでいく。,ゆうがたになってたいようがにしにしずんでいく。
2,親,おや,[親]と大げんかする。,おやとおおげんかする。
2,親,した,山田くんとは[親]しい関係だ。,やまだくんとはしたしいかんけいだ。
2,親,しん,[親]切な人に駅までの道を教えてもらう。,しんせつなひとにえきまでのみちをおしえてもらう。
2,角,かく,分度器を使って[角]度を測る。,ぶんどきをつかってかくどをはかる。
2,角,かど,この[角]を曲がれば、水族館がある。,このかどをまがれば、すいぞくかんがある。
2,角,つの,動物園で立派な[角]の生えた鹿の写真をとった。,どうぶつえんでりっぱなつののはえたしかのしゃしんをとった。
2,言,い,だれにも[言]えない秘密をかかえる。,だれにもいえないひみつをかかえる。
2,言,げん,パズルに苦戦している弟に助[言]する。,パズルにくせんしているおとうとにじょげんする。
2,言,こと,意味がわからない[言]葉を辞典で調べる。,いみがわからないことばをじてんでしらべる。
2,言,ごん,留守電に伝[言]を残して返事を待つ。,るすでんにでんごんをのこしてへんじをまつ。
2,計,けい,冬休みの宿題の[計]画を全く守らない。,ふゆやすみのしゅくだいのけいかくをまったくまもらない。
2,計,はか,タイミングを見[計]らって話し始める。,タイミングをみはからってはなしはじめる。
2,記,き,海外旅行の[記]念写真をさつえいする。,かいがいりょこうのきねんしゃしんをさつえいする。
2,記,しる,大事な約束をメモ帳に[記]しておく。,だいじなやくそくをめもちょうにしるしておく。
2,話,はな,昔の思い出を[話]す。,むかしのおもいでをはなす。
2,話,はなし,先生の[話]の後に質問をする。,せんせいのはなしのあとにしつもんをする。
2,話,ばなし,長[話]に付き合わされてうんざりする。,ながばなしにつきあわされてうんざりする。
2,話,わ,かんちがいで会[話]がかみ合わなくなる。,かんちがいでかいわがかみあわなくなる。
2,語,かた,幼ち園の思い出を[語]る。,おさなちえんのおもいでをかたる。
2,語,ご,国[語]辞典でわからない言葉を調べる。,こくごじてんでわからないことばをしらべる。
2,読,とう,ここに[読]点を入れた方が読みやすいよ。,ここにとうてんをいれたほうがよみやすいよ。
2,読,とく,昔の教科書である、[読]本が図書館で保管される。,むかしのきょうかしょである、とくほんがとしょかんでほかんされる。
2,読,どく,[読]者からファンレターが送られてくる。,どくしゃからファンレターがおくられてくる。
2,読,よ,図書室で借りてきた本を[読]む。,としょしつでかりてきたほんをよむ。
2,谷,たに,あの山と山の[谷]間にはきれいな池がある。,あのやまとやまのたにまにはきれいないけがある。
2,買,か,土地を売り[買]いしてお金をかせぐ。,とちをうりかいしておかねをかせぐ。
2,走,そう,助[走]をつけてとび箱をとびこえる。,じょそうをつけてとびばこをとびこえる。
2,走,はし,雨の中を家まで急いで[走]る。,あめのなかをいえまでいそいではしる。
2,近,きん,最[近]はよく雨がふるね。,さいきんはよくあめがふるね。
2,近,ちか,お化けが後ろからこっそり[近]づく。,おばけがうしろからこっそりちかづく。
2,通,かよ,毎週木曜日にピアノ教室に[通]う。,まいしゅうもくようびにピアノきょうしつにかよう。
2,通,つう,この道は工事中で、[通]行止めです。,このみちはこうじちゅうで、つうこうどめです。
2,通,とお,大急ぎで改札を[通]って電車に乗りこむ。,おおいそぎでかいさつをとおってでんしゃにのりこむ。
2,週,しゅう,先[週]はとてもいそがしかった。,せんしゅうはとてもいそがしかった。
2,道,どう,親が先導して、カモの親子が[道]路をわたる。,おやがせんどうして、カモのおやこがどうろをわたる。
2,道,どう,選挙の結果が報[道]される。,せんきょのけっかがほうどうされる。
2,道,みち,片[道]分だけきっぷを買う。,かたみちぶんだけきっぷをかう。
2,遠,えん,山の上の展望台から、望[遠]鏡で自分の家を探す。,やまのうえのてんぼうだいから、ぼうえんきょうでじぶんのいえをさがす。
2,遠,とお,[遠]くの町に住んでいるおじいちゃんと電話する。,とおくのまちにすんでいるおじいちゃんとでんわする。
2,里,さと,小さな[里]から世界的な音楽家が生まれる。,ちいさなさとからせかいてきなおんがくかがうまれる。
2,里,り,戦国武将の郷[里]に銅像が建てられる。,せんごくぶしょうのきょうりにどうぞうがたてられる。
2,野,の,近所の[野]原でピクニックする。,きんじょののはらでピクニックする。
2,野,や,サバンナで[野]生のライオンに出くわす。,サバンナでやせいのライオンにでくわす。
2,長,ちょう,カラオケの時間を延[長]する。,カラオケのじかんをえんちょうする。
2,長,なが,かみの毛を細[長]いリボンでまとめる。,かみのけをほそながいリボンでまとめる。
2,門,もん,校[門]の前にいる先生たちにあいさつする。,こうもんのまえにいるせんせいたちにあいさつする。
2,間,あいだ,この[間]、きれいなちょうちょうを見たよ。,このあいだ、きれいなちょうちょうをみたよ。
2,間,かん,約束の時[間]になっても友達が来なくていらいらする。,やくそくのじかんになってもともだちがこなくていらいらする。
2,間,けん,おばさんたちが集まって世[間]話をする。,おばさんたちがあつまってせけんはなしをする。
2,間,ま,勉強の合[間]におかしを食べる。,べんきょうのあいまにおかしをたべる。
2,雪,せつ,降[雪]でバスが大きくおくれる。,こうせつでバスがおおきくおくれる。
2,雪,ゆき,[雪]の上をスキーですべる。,ゆきのうえをスキーですべる。
2,雲,うん,積乱[雲]が見えた。もうすぐ大雨が降るぞ。,せきらんうんがみえた。もうすぐおおあめがふるぞ。
2,雲,くも,あの[雲]は形がネコに似ているね。,あのくもはかたちがネコににているね。
2,電,でん,アンテナで[電]波をキャッチする。,アンテナででんぱをキャッチする。
2,頭,あたま,飼っているネコの[頭]をなでる。,かっているネコのあたまをなでる。
2,頭,ず,ひどい[頭]痛がするので病院に行った。,ひどいずつうがするのでびょういんにいった。
2,頭,とう,政治家が街[頭]で演説している。,せいじかががいとうでえんぜつしている。
2,顔,かお,木下くん、だいじょうぶ？[顔]色悪いよ。,きのしたくん、だいじょうぶ?きごうきごうきごうきごうきごうきごうきごうきごうきごうきごうきごうきごうきごうきごうきごうきごうきごうきごうきごうきごうきごうきごうきごうきごうきごうきごうきごうきごうきごうきごうきごうきごうきごうきごうきごうきごうきごうきごうきごうきごうきごうきごうきごうきごうきごうきごうきごうきごうきごうきごうきごうきごうきごうかおいろわるいよ。
2,顔,がん,[顔]面にボールがぶつかって鼻血が出た。,がんめんにボールがぶつかってはなじがでた。
2,風,かざ,[風]上からけむりが流れてくる。,かざかみからけむりがながれてくる。
2,風,かぜ,かさをさせば飛べそうなくらい、今日は[風]が強い。,かさをさせばとべそうなくらい、きょうはかぜがつよい。
2,風,ふう,レストランで和[風]ハンバーグを注文する。,レストランでわふうハンバーグをちゅうもんする。
2,食,く,たくさんあったおかしを全部[食]いつくした。,たくさんあったおかしをぜんぶくいつくした。
2,食,くう,朝から何も[食]べてないから空腹だ。,あさからなんもたべてないからくうふくだ。
2,食,しょく,かぜをひいて[食]欲がなくなる。,かぜをひいてしょくよくがなくなる。
2,食,た,いただきますを言ってから[食]べ始める。,いただきますをいってからたべはじめる。
2,首,くび,飼っている犬に[首]輪をつける。,かっているいぬにくびわをつける。
2,首,しゅ,イギリスの[首]都を地図帳で調べる。,イギリスのしゅとをちずちょうでしらべる。
2,馬,うま,[馬]に乗って平原をかけぬける。,うまにのってへいげんをかけぬける。
2,馬,ば,子供がいる知り合いに木[馬]をおくる。,こどもがいるしりあいにもくばをおくる。
2,馬,ま,群[馬]県にある、富岡製糸場は有名だ。,ぐんまけんにある、とみおかせいしじょうはゆうめいだ。
2,高,こう,誕生日プレゼントをもらって最[高]の気分になる。,たんじょうびプレゼントをもらってさいこうのきぶんになる。
2,高,たか,[高]いお金をはらって指輪を買う。,たかいおかねをはらってゆびわをかう。
2,魚,うお,すし職人が[魚]市場でたくさん材料を買っていった。,すししょくにんがうおいちばでたくさんざいりょうをかっていった。
2,魚,ぎょ,ここの海には人[魚]がいるといううわさがある。,ここのうみにはにんぎょがいるといううわさがある。
2,魚,さかな,つったばかりの[魚]を焼いて食べる。,つったばかりのさかなをやいてたべる。
2,鳥,ちょう,そう眼鏡で野[鳥]を観察する。,そうめがねでやちょうをかんさつする。
2,鳥,とり,[鳥]にえさをむやみにあげてはいけない。,とりにえさをむやみにあげてはいけない。
2,鳴,な,ウグイスの[鳴]き声はかなり特ちょう的だ。,ウグイスのなきごえはかなりとくちょうてきだ。
2,鳴,な,授業開始を知らせるチャイムが[鳴]った。,じゅぎょうかいしをしらせるチャイムがなった。
2,鳴,めい,虫を見て悲[鳴]を上げる。,むしをみてひめいをあげる。
2,麦,むぎ,コップに入った[麦]茶を一気飲みする。,コップにはいったむぎちゃをいっきのみする。
2,黄,おう,ピラミッドの中から、[黄]金で出来た仮面が見つかった。,ピラミッドのなかから、おうごんでできたかめんがみつかった。
2,黄,き,森の絵をかくために、[黄]緑色の絵の具をたくさん持ってきた。,もりのえをかくために、きみどりいろのえのぐをたくさんもってきた。
2,黒,くろ,近所の川で真っ[黒]な石を見つけた。,きんじょのかわでまっくろないしをみつけた。
2,黒,こく,休み時間に[黒]板に落書きして遊ぶ。,やすみじかんにこくばんにらくがきしてあそぶ。
3,丁,ちょう,切れ味が悪くなった包[丁]をとぐ。,きれあじがわるくなったほうちょうをとぐ。
3,世,せ,[世]界的に有名なバンドが日本に来た。,せかいてきにゆうめいなバンドがにっぽんにきた。
3,世,せい,後[世]の教科書にのるほどの事件がおこる。,こうせいのきょうかしょにのるほどのじけんがおこる。
3,世,よ,[世]の中には様々な考え方がある。,よのなかにはさまざまなかんがえかたがある。
3,両,りょう,船に、輸出する車[両]が積みこまれる。,ふねに、ゆしゅつするしゃりょうがつみこまれる。
3,主,おも,空気は[主]にちっ素と酸素でできている。,くうきはおもにちっそとさんそでできている。
3,主,ぬし,地[主]に土地を借りた分のお金をはらう。,じぬしにとちをかりたぶんのおかねをはらう。
3,乗,じょう,最近のはやりに便[乗]する。,さいきんのはやりにびんじょうする。
3,乗,の,[乗]り物図かんを夢中になって読んだ。,のりものずかんをむちゅうになってよんだ。
3,予,よ,[予]告編を見て、その映画が気になった。,よこくへんをみて、そのえいががきになった。
3,事,こと,調査でとんでもない[事]がわかった。,ちょうさでとんでもないことがわかった。
3,事,じ,楽しく話しながら食[事]をする。,たのしくはなしながらしょくじをする。
3,仕,し,うで時計は複雑な[仕]組みで動いている。,うでとけいはふくざつなしくみでうごいている。
3,仕,つか,家来として王に[仕]える。,けらいとしておうにつかえる。
3,他,た,[他]人から言われたことを気にし続ける。,たにんからいわれたことをきにしつづける。
3,他,ほか,[他]の色のペンはないの？,ほかのいろのペンはないの?
3,代,か,消しゴムの[代]わりに修正液を使った。,けしごむのかわりにしゅうせいえきをつかった。
3,代,たい,選手がけがをしたので交[代]する。,せんしゅがけがをしたのでこうたいする。
3,代,だい,この作家の[代]表作は﹃宇宙電車の夜﹄です。,このさっかのだいひょうさくはきごううちゅうでんしゃのよるきごうです。
3,代,よ,きれいな模様の千[代]紙を集める。,きれいなもようのちよがみをあつめる。
3,住,じゅう,近所の[住]民から苦情が来た。,きんじょのじゅうみんからくじょうがきた。
3,住,す,山おくのいなかに[住]む。,やまおくのいなかにすむ。
3,使,し,車の修理に特別な道具を[使]用する。,くるまのしゅうりにとくべつなどうぐをしようする。
3,使,つか,洗ざいを[使]ってお皿を洗う。,せんざいをつかっておさらをあらう。
3,係,かかり,見つけた落とし物を[係]員さんに預ける。,みつけたおとしものをかかりいんさんにあずける。
3,係,けい,授業とは関[係]ないことを考える。,じゅぎょうとはかんけいないことをかんがえる。
3,倍,ばい,二つの数の最小公[倍]数を答える。,ふたつのかずのさいしょうこうばいすうをこたえる。
3,全,すべ,家の中の[全]てのゴミを捨てる。,いえのなかのすべてのゴミをすてる。
3,全,ぜん,安[全]のためヘルメットをつける。,あんぜんのためヘルメットをつける。
3,全,まった,二人とも[全]く同じ時間に来た。,ふたりともまったくおなじじかんにきた。
3,具,ぐ,筆箱を忘れた友達に筆記用[具]を貸してあげる。,ふでばこをわすれたともだちにひっきようぐをかしてあげる。
3,写,うつ,黒板に書いてあることをノートに書き[写]す。,こくばんにかいてあることをノートにかきうつす。
3,写,しゃ,新作映画の試[写]会に当選する。,しんさくえいがのししゃかいにとうせんする。
3,列,れつ,知り合いのけっこん式に参[列]する。,しりあいのけっこんしきにさんれつする。
3,助,じょ,自転車から補[助]輪を外す。,じてんしゃからほじょりんをはずす。
3,助,たす,困っている人を[助]ける。,こまっているひとをたすける。
3,勉,べん,[勉]強机の上に今日の宿題を広げる。,べんきょうつくえのうえにきょうのしゅくだいをひろげる。
3,動,うご,本だなを[動]かすとかくし通路があった。,ほんだなをうごかすとかくしつうろがあった。
3,動,うご,音を立ててスポーツカーが[動]きだす。,おとをたててスポーツカーがうごきだす。
3,動,どう,ダンスに慣れて[動]作がなめらかになる。,ダンスになれてどうさがなめらかになる。
3,勝,か,次の相手に[勝]てば優勝だ。,つぎのあいてにかてばゆうしょうだ。
3,勝,しょう,大会の決[勝]戦まで進む。,たいかいのけっしょうせんまですすむ。
3,化,か,ドイツの文[化]をこの本で初めて知った。,ドイツのぶんかをこのほんではじめてしった。
3,化,ば,二階のトイレにお[化]けが出るらしい。,にかいのトイレにおばけがでるらしい。
3,区,く,宿題が一[区]切りついたので休けいする。,しゅくだいがいちくきりついたのできゅうけいする。
3,医,い,お[医]者さんにワクチンを打ってもらう。,おいしゃさんにワクチンをうってもらう。
3,去,きょ,パソコンの中のいらないデータを消[去]する。,パソコンのなかのいらないデータをしょうきょする。
3,去,こ,タイムマシンで過[去]の自分に会いに行く。,タイムマシンでかこのじぶんにあいにいく。
3,去,さ,事件を解決した探ていは[去]っていった。,じけんをかいけつしたもとむていはさっていった。
3,反,そ,日本刀は[反]り返った形が特ちょう的だ。,にほんとうはそりかえったかたちがとくちょうてきだ。
3,反,はん,道の[反]対側にわたる。,みちのはんたいがわにわたる。
3,取,しゅ,自動車のめん許を[取]得する。,じどうしゃのめんもとをしゅとくする。
3,取,と,[取]り引きをして食べ物を手に入れる。,とりひきをしてたべものをてにいれる。
3,受,う,宅配便の荷物を[受]け取る。,たくはいびんのにもつをうけとる。
3,受,じゅ,ラジオの放送を[受]信する。,ラジオのほうそうをじゅしんする。
3,号,ごう,出席番[号]順に並んで進む。,しゅっせきばんごうじゅんにならんですすむ。
3,向,こう,筋トレで体力を[向]上させる。,きんとれでたいりょくをこうじょうさせる。
3,向,む,[向]かい風が強くて自転車が進まない。,むかいかぜがつよくてじてんしゃがすすまない。
3,君,きみ,[君]のそのペン、キレイな色だね。,きみのそのペン、キレイないろだね。
3,君,くん,好きなボクシング選手がチャンピオンに[君]臨する。,すきなボクシングせんしゅがチャンピオンにくんりんする。
3,味,あじ,おすしをじっくり[味]わいながら食べる。,おすしをじっくりあじわいながらたべる。
3,味,あじ,これ、変な[味]すると思ったらくさってるじゃん！,これ、へんなあじするとおもったらくさってるじゃん!
3,味,み,好きなマンガがきっかけで音楽に興[味]を持つ。,すきなマンガがきっかけでおんがくにきょうみをもつ。
3,命,いのち,険しい山に[命]がけで登山する。,けわしいやまにいのちがけでとざんする。
3,命,めい,病気やけがの人を助けるのが、医者の使[命]です。,びょうきやけがのひとをたすけるのが、いしゃのしめいです。
3,和,わ,争いのない平[和]な暮らしをする。,あらそいのないへいわなくらしをする。
3,品,しな,この[品]物は、お一人様一つとなっております。,このしなものは、おひとりさまひとつとなっております。
3,品,ひん,米つぶを残さず、上[品]に食べる。,こめつぶをのこさず、じょうひんにたべる。
3,員,いん,クラス全[員]で、大なわとびにちょうせんした。,クラスぜんいんで、おおなわとびにちょうせんした。
3,商,しょう,お店の[商]品を買い物かごに入れる。,おみせのしょうひんをかいものかごにいれる。
3,問,と,国語のテストでことわざの意味を[問]う。,こくごのテストでことわざのいみをとう。
3,問,と,散々[問]いつめたが、かれは何も知らなさそうだ。,さんざんといつめたが、かれはなんもしらなさそうだ。
3,問,とん,[問]屋から商品を仕入れてくる。,とんやからしょうひんをしいれてくる。
3,問,もん,質[問]に対して、ていねいに答える。,しつもんにたいして、ていねいにこたえる。
3,坂,さか,[坂]道を自転車でしんちょうに下る。,さかみちをじてんしゃでしんちょうにくだる。
3,央,おう,昨日、中[央]区の大通りで事故が起きた。,きのう、ちゅうおうくのおおどおりでじこがおきた。
3,始,し,本番の一か月前から練習を開[始]する。,ほんばんのいちかげつまえかられんしゅうをかいしする。
3,始,はじ,書く文字がきたないので習字を[始]めた。,かくもじがきたないのでしゅうじをはじめた。
3,委,い,学級[委]員の人は、放課後に先生のところに来てください。,がっきゅういいんのひとは、ほうかごにせんせいのところにきてください。
3,委,ゆだ,運を天に[委]ねてくじを引く。,うんをてんにゆだねてくじをひく。
3,守,しゅ,あの野球チームは[守]備がとてもうまい。,あのやきゅうチームはしゅびがとてもうまい。
3,守,す,家で留[守]番をする。,いえでるすばんをする。
3,安,あん,家に先生から電話がかかってきて不[安]になる。,いえにせんせいからでんわがかかってきてふあんになる。
3,安,やす,[安]物のお皿が割れてしまった。,やすもののおさらがわれてしまった。
3,定,さだ,法律で飲食店を開く条件が[定]められる。,ほうりつでいんしょくてんをひらくじょうけんがさだめられる。
3,定,じょう,いつも雑なかれは案の[定]、ミスしてしまった。,いつもざつなかれはあんのじょう、ミスしてしまった。
3,定,てい,明日の予[定]が決まる。,あすのよていがきまる。
3,実,じつ,厳しい特訓で[実]力をつける。,きびしいとっくんでじつりょくをつける。
3,実,み,リスが木の[実]をほおばっている。,リスがこのみをほおばっている。
3,実,みの,今年はとてもあまいリンゴが[実]った。,ことしはとてもあまいリンゴがみのった。
3,客,きゃく,ごうか[客]船に乗って世界一周の旅に出る。,ごうかきゃくせんにのってせかいいちしゅうのたびにでる。
3,宮,きゅう,きらきらした王[宮]を写した写真をながめる。,きらきらしたおうきゅうをうつしたしゃしんをながめる。
3,宮,みや,赤ちゃんの健康を願って、お[宮]参りに行く。,あかちゃんのけんこうをねがって、おみやまいりにいく。
3,宿,しゅく,[宿]題を全部終わらせて遊ぶ。,しゅくだいをぜんぶおわらせてあそぶ。
3,宿,やど,旅先で[宿]屋を探す。,たびさきでやどやをさがす。
3,宿,やど,近くにあった公民館で雨[宿]りする。,ちかくにあったこうみんかんであまやどりする。
3,寒,かん,防[寒]具を買いに行く。,ぼうかんぐをかいにいく。
3,寒,さむ,冬だけど、今日はそんなに[寒]くないね。,ふゆだけど、きょうはそんなにさむくないね。
3,対,たい,目的地と反[対]方向の電車に乗ってしまった。,もくてきちとはんたいほうこうのでんしゃにのってしまった。
3,局,きょく,郵便[局]へ切手を買いに行く。,ゆうびんきょくへきってをかいにいく。
3,屋,おく,この学校では、[屋]上は立入禁止です。,このがっこうでは、おくじょうはたちいりきんしです。
3,屋,や,お祭りの[屋]台でいろんなものを食べた。,おまつりのやたいでいろんなものをたべた。
3,岸,がん,海[岸]沿いの道を車で走っているとカモメが見えた。,かいがんそいのみちをくるまではしっているとカモメがみえた。
3,岸,きし,あの[岸]辺の辺りはいつも、つりをしている人がいる。,あのきしべのあたりはいつも、つりをしているひとがいる。
3,島,しま,めずらしい植物の生えている[島]が見つかる。,めずらしいしょくぶつのはえているしまがみつかる。
3,島,とう,日本列[島]の全体に雨雲がかかる。,にっぽんれっとうのぜんたいにあまぐもがかかる。
3,州,しゅう,関東地方から九[州]地方へ引っこす。,かんとうちほうからきゅうしゅうちほうへひっこす。
3,帳,ちょう,お薬手[帳]を持って薬局に行く。,おくすりてちょうをもってやっきょくにいく。
3,平,たい,この辺りは[平]らだから歩きやすい。,このあたりはたいらだからあるきやすい。
3,平,ひら,うどんの生地をめん棒で[平]べったくする。,うどんのきじをめんぼうでひらべったくする。
3,平,びょう,[平]等になるよう、ケーキを切り分ける。,びょうどうになるよう、ケーキをきりわける。
3,平,へい,広島[平]和記念公園をおとずれる。,ひろしまへいわきねんこうえんをおとずれる。
3,幸,こう,最近は[幸]運な出来事が多かった。,さいきんはこううんなできごとがおおかった。
3,幸,しあわ,[幸]せの四葉のクローバーを探す。,しあわせのよんようのクローバーをさがす。
3,度,ど,夜の学校で[度]胸試しをする。,よるのがっこうでどきょうためしをする。
3,庫,こ,買ってきたプリンを冷蔵[庫]に入れる。,かってきたプリンをれいぞうこにいれる。
3,庭,てい,家[庭]訪問に先生がやって来る。,かていほうもんにせんせいがやってくる。
3,庭,にわ,家の[庭]に花だんを作った。,いえのにわにかだんをつくった。
3,式,しき,知り合いのけっこん[式]に出席する。,しりあいのけっこんしきにしゅっせきする。
3,役,やく,[役]所前の広場でバザーが開かれる。,やくしょまえのひろばでバザーがひらかれる。
3,待,たい,出番が来るまでベンチで[待]機する。,でばんがくるまでベンチでたいきする。
3,待,ま,家で荷物が届くのを[待]つ。,いえでにもつがとどくのをまつ。
3,急,いそ,アイスがとける前に[急]いで食べる。,アイスがとけるまえにいそいでたべる。
3,急,きゅう,[急]病で、今日の習い事をお休みする。,きゅうびょうで、きょうのならいごとをおやすみする。
3,息,いき,つかれてため[息]をつく。,つかれてためいきをつく。
3,息,そく,クリオネは冷たい海域に生[息]している。,クリオネはつめたいかいいきにせいそくしている。
3,悪,あく,ドラマで[悪]人がたいほされる。,ドラマであくにんがたいほされる。
3,悪,わる,出かけたとたんに天気が[悪]くなってきた。,でかけたとたんにてんきがわるくなってきた。
3,悲,かな,告白してふられた人が、[悲]しげに歩いていく。,こくはくしてふられたひとが、かなしげにあるいていく。
3,悲,ひ,お化けやしきの方から[悲]鳴が聞こえてくる。,おばけやしきのほうからひめいがきこえてくる。
3,想,そう,雲の形からこの後の天気を予[想]する。,くものかたちからこのあとのてんきをよそうする。
3,意,い,図書室で借りてきた小説が、[意]外な結末だった。,としょしつでかりてきたしょうせつが、いがいなけつまつだった。
3,感,かん,平均台に乗ってバランス[感]覚をきたえる。,へいきんだいにのってバランスかんかくをきたえる。
3,所,しょ,待ち合わせの場[所]に向かう。,まちあわせのばしょにむかう。
3,所,ところ,意外な[所]にまい蔵金がうまっていた。,いがいなところにまいくらきんがうまっていた。
3,打,う,古本屋で値[打]ちものを見つける。,ふるほんやでねうちものをみつける。
3,打,だ,大人気のバッターが[打]席に立つ。,だいにんきのバッターがだせきにたつ。
3,投,とう,この雑誌は読者からの[投]書ものせている。,このざっしはどくしゃからのとうしょものせている。
3,投,な,ゴミを[投]げ捨てる。,ゴミをなげすてる。
3,拾,ひろ,だれかの落とし物を[拾]う。,だれかのおとしものをひろう。
3,持,も,相手の気[持]ちを考えながら話す。,あいてのきもちをかんがえながらはなす。
3,指,さ,図の中で注目してほしいところを[指]し示す。,ずのなかでちゅうもくしてほしいところをさししめす。
3,指,し,荷物を[指]定された場所まで運ぶ。,にもつをしていされたばしょまではこぶ。
3,指,ゆび,[指]先についたよごれを洗い落とす。,ゆびさきについたよごれをあらいおとす。
3,放,はな,降参してお城の門を開け[放]つ。,こうさんしておしろのもんをあけはなつ。
3,放,ほう,お昼の[放]送で音楽を流す。,おひるのほうそうでおんがくをながす。
3,放,ほう,ゴミ箱に遠くからティッシュを[放]りこむ。,ごみばこにとおくからティッシュをほうりこむ。
3,放,ほう,ニュースの[放]送中に速報が届く。,ニュースのほうそうちゅうにそくほうがとどく。
3,整,せい,[整]数だけの計算式を解く。,せいすうだけのけいさんしきをとく。
3,整,ととの,ねんどの形を[整]える。,ねんどのかたちをととのえる。
3,旅,たび,船[旅]のチケットをくじ引きで当てる。,ふなたびのチケットをくじびきであてる。
3,旅,りょ,温泉が有名な[旅]館にとまる。,おんせんがゆうめいなりょかんにとまる。
3,族,ぞく,家[族]からはなれて一人暮らしを始める。,かぞくからはなれてひとりぐらしをはじめる。
3,昔,むかし,[昔]よく読んでいた絵本を見つける。,むかしよくよんでいたえほんをみつける。
3,昭,しょう,[昭]和時代の出来事について勉強する。,しょうわじだいのできごとについてべんきょうする。
3,暑,あつ,[暑]い部屋に熱いなべを持ちこむ。,あついへやにあついなべをもちこむ。
3,暑,あつ,むし[暑]いサウナの中に入る。,むしあついサウナのなかにはいる。
3,暑,しょ,家に残[暑]見まいのハガキが届く。,いえにざんしょみまいのハガキがとどく。
3,暗,あん,算数の時間に九九を[暗]記した。,さんすうのじかんにくくをあんきした。
3,暗,くら,こわい話を聞いて、[暗]やみがこわくなる。,こわいはなしをきいて、くらやみがこわくなる。
3,曲,きょく,放送部に好きな[曲]をリクエストする。,ほうそうぶにすきなきょくをリクエストする。
3,曲,ま,ちょう能力者がスプーンを[曲]げた。,ちょうのうりょくしゃがスプーンをまげた。
3,有,あ,[有]るだけのお金を持って家を飛び出す。,あるだけのおかねをもっていえをとびだす。
3,有,ゆう,他人の所[有]地に、勝手に入ってはいけません。,たにんのしょゆうちに、かってにはいってはいけません。
3,服,ふく,やや大きめの制[服]を着る。,ややおおきめのせいふくをきる。
3,期,き,電車の定[期]券をなくしてしまった。,でんしゃのていきけんをなくしてしまった。
3,板,いた,長い間修行して、すし屋の[板]前になる。,ながいあいだしゅぎょうして、すしやのいたまえになる。
3,板,ばん,回覧[板]を次の家にまわす。,かいらんばんをつぎのいえにまわす。
3,柱,ちゅう,ぼーっと歩いていたら電[柱]にぶつかった。,ぼーっとあるいていたらでんちゅうにぶつかった。
3,柱,はしら,[柱]にくぎを打ち付ける。,はしらにくぎをうちつける。
3,根,こん,漢字の書き取りには[根]気がいる。,かんじのかきとりにはこんきがいる。
3,根,ね,雑草を[根]ごと引きぬく。,ざっそうをねごとひきぬく。
3,植,う,森に新しく木を[植]える。,もりにあたらしくきをうえる。
3,植,しょく,森の[植]物たちがいきいきとしている。,もりのしょくぶつたちがいきいきとしている。
3,業,ぎょう,入学式のかざりつけ作[業]をする。,にゅうがくしきのかざりつけさぎょうをする。
3,様,さま,そのえらそうな言い方、なに[様]のつもり？,そのえらそうないいかた、なにさまのつもり?
3,様,よう,しま模[様]のワンピースをネットで買う。,しまもようのワンピースをネットでかう。
3,横,おう,[横]断歩道をカモの親子がわたっていった。,おうだんほどうをカモのおやこがわたっていった。
3,横,よこ,具合が悪いので、保健室で[横]になって休む。,ぐあいがわるいので、ほけんしつでよこになってやすむ。
3,橋,きょう,歩道[橋]をわたって向こう側の歩道に行こう。,ほどうきょうをわたってむこうがわのほどうにいこう。
3,橋,はし,高い[橋]の上からバンジージャンプする。,たかいはしのうえからバンジージャンプする。
3,次,じ,本の目[次]から大体の内容を知る。,ほんのもくじからだいたいのないようをしる。
3,次,つ,見通しの悪い道で事故が相[次]ぐ。,みとおしのわるいみちでじこがあいつぐ。
3,次,つぎ,それじゃあ[次]は二週間後に来てください。,それじゃあつぎはにしゅうかんごにきてください。
3,歯,し,乳[歯]が全て永久歯に生え変わった。,にゅうしがすべてえいきゅうしにはえかわった。
3,歯,は,[歯]車を取りかえて修理する。,はぐるまをとりかえてしゅうりする。
3,死,し,[死]んでるのに動くゾンビなんて、現実には存在しないよ。,しんでるのにうごくゾンビなんて、げんじつにはそんざいしないよ。
3,死,し,必[死]で働いてお金をためる。,ひっしではたらいておかねをためる。
3,氷,こおり,コップに[氷]とジュースを入れる。,コップにこおりとジュースをいれる。
3,氷,ひょう,オホーツク海の流[氷]を見に行く。,オホーツクかいのりゅうひょうをみにいく。
3,決,き,サンタさんにお願いするものを[決]める。,サンタさんにおねがいするものをきめる。
3,決,けつ,次のテストでは百点を取ろうと[決]意する。,つぎのテストではひゃくてんをとろうとけついする。
3,油,あぶら,熱い[油]で天ぷらをあげる。,あついあぶらでてんぷらをあげる。
3,油,ゆ,[油]断してとんでもないミスをしてしまう。,ゆだんしてとんでもないミスをしてしまう。
3,波,なみ,今日は風がなくて、[波]もおだやかだ。,きょうはかぜがなくて、なみもおだやかだ。
3,波,は,新しい学校で、[波]長の合う友達ができた。,あたらしいがっこうで、はちょうのあうともだちができた。
3,注,そそ,東京都周辺に、ひょうが二日間降り[注]いだ。,とうきょうとしゅうへんに、ひょうがふたかかんふりそそいだ。
3,注,ちゅう,激しいおどりで観客の[注]目を集める。,はげしいおどりでかんきゃくのちゅうもくをあつめる。
3,泳,えい,オリンピックの水[泳]の競技で、日本の選手が金メダルをとった。,オリンピックのすいえいのきょうぎで、にっぽんのせんしゅがきんメダルをとった。
3,泳,およ,夏の海で[泳]ぐと、冷たい水がとても気持ちいい。,なつのうみでおよぐと、つめたいみずがとてもきもちいい。
3,洋,よう,[洋]服を洗たくかごに入れる。,ようふくをせんたくかごにいれる。
3,流,なが,回路に電気が[流]れこむ。,かいろにでんきがながれこむ。
3,流,りゅう,北海道旅行で[流]氷を見に行った。,ほっかいどうりょこうでりゅうひょうをみにいった。
3,消,き,電池切れでライトの光が[消]える。,でんちきれでライトのひかりがきえる。
3,消,け,まちがった字を[消]して書き直す。,まちがったじをけしてかきなおす。
3,消,しょう,手のすり傷に[消]毒液がしみる。,てのすりきずにしょうどくえきがしみる。
3,深,しん,[深]刻ななやみをかかえる。,しんこくななやみをかかえる。
3,深,ふか,[深]い穴の中におにぎりが転がっていった。,ふかいあなのなかにおにぎりがころがっていった。
3,温,あたた,ふとんで体を[温]めて、ゆっくり休む。,ふとんでからだをあたためて、ゆっくりやすむ。
3,温,おん,カゼをひいて体[温]が高くなる。,カゼをひいてたいおんがたかくなる。
3,港,こう,飛行機が来るまでの間、空[港]を探検する。,ひこうきがくるまでのあいだ、くうこうをたんけんする。
3,港,みなと,[港]からフェリーに乗って旅行に行く。,みなとからフェリーにのってりょこうにいく。
3,湖,こ,旅行ツアーの中で琵琶[湖]を観光する。,りょこうツアーのなかでびわこをかんこうする。
3,湖,みずうみ,公園にある[湖]でボートに乗る。,こうえんにあるみずうみでボートにのる。
3,湯,とう,このなべには熱[湯]が入ってるから気をつけてね。,このなべにはねっとうがはいってるからきをつけてね。
3,湯,ゆ,温泉街のあちこちから[湯]気がのぼっている。,おんせんがいのあちこちからゆげがのぼっている。
3,漢,かん,[漢]字のまちがった書き順を注意される。,かんじのまちがったかきじゅんをちゅういされる。
3,炭,すみ,いろりで[炭]を燃やす。,いろりですみをもやす。
3,炭,たん,バーベキューに木[炭]を持っていく。,バーベキューにもくたんをもっていく。
3,物,ぶつ,海外の小説に出てくる人[物]名が覚えられない。,かいがいのしょうせつにでてくるじんぶつめいがおぼえられない。
3,物,もつ,飛行機に乗る前に預けた荷[物]を受け取る。,ひこうきにのるまえにあずけたにもつをうけとる。
3,物,もの,七五三に着[物]を着たときの写真がかざってある。,ななごさんにきものをきたときのしゃしんがかざってある。
3,球,きゅう,学校の花だんにチューリップの[球]根を植える。,がっこうのかだんにチューリップのきゅうこんをうえる。
3,球,たま,ピッチャーが速い[球]を投げる。,ピッチャーがはやいたまをなげる。
3,由,ゆ,この列車は埼玉県を経[由]して東京都に向かいます。,このれっしゃはさいたまけんをけいゆしてとうきょうとにむかいます。
3,由,ゆう,難しい宿題から開放されて自[由]になる。,むずかしいしゅくだいからかいほうされてじゆうになる。
3,申,もう,料理教室への参加を[申]しこむ。,りょうりきょうしつへのさんかをもうしこむ。
3,界,かい,ＵＦＯは世[界]各地で目げきされている。,ゆーふぉーはせかいかくちでめげきされている。
3,畑,はた,[畑]作をして生計を立てている。,はたさくをしてせいけいをたてている。
3,畑,はたけ,[畑]からにんじんを収かくする。,はたけからにんじんをしゅうかくする。
3,病,びょう,[病]院でお薬をもらう。,びょういんでおくすりをもらう。
3,病,やまい,[病]にかかり、たおれてしまう。,やまいにかかり、たおれてしまう。
3,発,はつ,植えたアサガオの種が[発]芽するのを待つ。,うえたアサガオのたねがはつがするのをまつ。
3,登,と,有名な[登]山家にインタビューする。,ゆうめいなとざんかにインタビューする。
3,登,とう,劇のヒーロー役がおくれて[登]場する。,げきのヒーローやくがおくれてとうじょうする。
3,登,のぼ,ロープウェイに乗って山の頂上まで[登]る。,ロープウェイにのってやまのちょうじょうまでのぼる。
3,皮,かわ,追いつめられて化けの[皮]がはがれる。,おいつめられてばけのかわがはがれる。
3,皮,ひ,かんそうしているせいで[皮]ふがガサガサする。,かんそうしているせいでひふがガサガサする。
3,皿,さら,お[皿]に料理を盛り付ける。,おさらにりょうりをもりつける。
3,相,あい,[相]手の話をさえぎって話し始める。,あいてのはなしをさえぎってはなしはじめる。
3,相,そう,百点！？[相]当、努力したんだね。,ひゃくてん!?きごうきごうきごうきごうきごうきごうきごうきごうきごうきごうきごうきごうきごうきごうきごうきごうきごうきごうきごうきごうきごうきごうきごうきごうそうとう、どりょくしたんだね。
3,県,けん,青森[県]のねぶた祭に一度行ってみたい。,あおもりけんのねぶたまつりにいちどいってみたい。
3,真,しん,みんなで集まって写[真]をとる。,みんなであつまってしゃしんをとる。
3,真,ま,家に帰って[真]っ先にトイレに入る。,いえにかえってまっさきにトイレにはいる。
3,着,き,制服を[着]て学校に行く。,せいふくをきてがっこうにいく。
3,着,ちゃく,有名アーティストに密[着]取材する。,ゆうめいアーティストにみっちゃくしゅざいする。
3,着,つ,乗っている新幹線が福岡に[着]いた。,のっているしんかんせんがふくおかについた。
3,短,たん,[短]時間でおかしを食べつくした。,たんじかんでおかしをたべつくした。
3,短,みじか,とこやでかみを[短]く切ってもらう。,とこやでかみをみじかくきってもらう。
3,研,けん,[研]究所で新しい薬を開発する。,けんきゅうしょであたらしいくすりをかいはつする。
3,礼,れい,失[礼]な態度を取って相手をおこらせてしまう。,しつれいなたいどをとってあいてをおこらせてしまう。
3,神,かみ,昨日の夜、[神]さまが夢に出てきた。,きのうのよる、かみさまがゆめにでてきた。
3,神,しん,[神]聖な教会に入るときはきんちょうする。,しんせいなきょうかいにはいるときはきんちょうする。
3,神,じん,[神]社にお参りしてお願いごとをする。,じんじゃにおまいりしておねがいごとをする。
3,祭,さい,文化[祭]の出し物を話し合って決める。,ぶんかさいのだしものをはなしあってきめる。
3,祭,まつ,花火の音がする。どこかでお[祭]りをしているのかな。,はなびのおとがする。どこかでおまつりをしているのかな。
3,福,ふく,私は、大[福]ならつぶあん派だ。,わたくしは、だいふくならつぶあんはだ。
3,秒,びょう,時速九十キロを[秒]速に直すといくつになる？,じそくきゅうじゅうキロをびょうそくになおすといくつになる?
3,究,きゅう,人間が火星で生活する方法を研[究]する。,にんげんがかせいでせいかつするほうほうをけんきゅうする。
3,章,しょう,文字がきたなくて文[章]が読めない。,もじがきたなくてぶんしょうがよめない。
3,童,どう,小さい子たちに[童]話を読み聞かせる。,ちいさいこたちにどうわをよみきかせる。
3,笛,てき,ぼくは汽[笛]の音がなんだか好きだ。,ぼくはきてきのおとがなんだかすきだ。
3,笛,ふえ,音楽室で[笛]の練習をする。,おんがくしつでふえのれんしゅうをする。
3,第,だい,気になっていた本の[第]一巻を買った。,きになっていたほんのだいいちかんをかった。
3,筆,ひつ,漢字の[筆]順をまちがえる。,かんじのひつじゅんをまちがえる。
3,筆,ふで,[筆]を洗い忘れてカチカチになってしまう。,ふでをあらいわすれてカチカチになってしまう。
3,等,とう,ケーキを六[等]分に切り分ける。,ケーキをろくとうぶんにきりわける。
3,等,ひと,正方形は四辺の長さが[等]しい。,せいほうけいはしへんのながさがひとしい。
3,箱,はこ,辞書を[箱]の中にしまう。,じしょをはこのなかにしまう。
3,級,きゅう,インフルエンザがはやって学[級]へいさになってしまった。,インフルエンザがはやってがっきゅうへいさになってしまった。
3,終,お,食べ[終]わってすぐに外へ遊びに行く。,たべおわってすぐにそとへあそびにいく。
3,終,しゅう,[終]着駅に止まるまでね過ごしてしまう。,しゅうちゃくえきにとまるまでねすごしてしまう。
3,緑,みどり,家のかべを[緑]色のペンキでぬる。,いえのかべをみどりいろのペンキでぬる。
3,緑,りょく,熱い[緑]茶を飲んでホッと一息つく。,あついりょくちゃをのんでほっとひといきつく。
3,練,ね,パン生地にバターをたっぷり[練]りこむ。,ぱんきじにバターをたっぷりねりこむ。
3,練,れん,熟[練]した動きの見事なダンスをおどる。,じゅくれんしたうごきのみごとなダンスをおどる。
3,羊,ひつじ,子[羊]がおおかみにねらわれる。,こひつじがおおかみにねらわれる。
3,羊,よう,[羊]毛で編まれた、青いセーターを買った。,ようもうであまれた、あおいセーターをかった。
3,美,うつく,植物園のあちこちに[美]しい花がさいている。,しょくぶつえんのあちこちにうつくしいはながさいている。
3,美,び,町の[美]化運動に参加する。,まちのびかうんどうにさんかする。
3,習,しゅう,忘れかけていた部分を復[習]する。,わすれかけていたぶぶんをふくしゅうする。
3,習,なら,今月から水泳を[習]い始めた。,こんげつからすいえいをならいはじめた。
3,者,しゃ,学[者]同士で研究を発表し合う。,がくしゃどうしでけんきゅうをはっぴょうしあう。
3,者,もの,クラスの人気[者]になる。,クラスのにんきものになる。
3,育,いく,今日の体[育]の時間は、ドッジボールをした。,きょうのたいいくのじかんは、ドッジボールをした。
3,育,そだ,このネコは赤ちゃんのころから[育]ててきた。,このネコはあかちゃんのころからそだててきた。
3,育,はぐく,大自然の中で動物を愛する心を[育]む。,だいしぜんのなかでどうぶつをあいするこころをはぐくむ。
3,苦,く,読書感想文が全然書けなくて[苦]労する。,どくしょかんそうぶんがぜんぜんかけなくてくろうする。
3,苦,くる,友達が病気で[苦]しむ。,ともだちがびょうきでくるしむ。
3,苦,にが,ぼくは初対面の人と話すのが[苦]手だ。,ぼくはしょたいめんのひととはなすのがにがてだ。
3,荷,に,引っこしのために[荷]造りをする。,ひっこしのためににづくりをする。
3,落,お,山から岩が転がり[落]ちる。,やまからいわがころがりおちる。
3,落,らく,国語の教科書に、段[落]ごとの目印をつける。,こくごのきょうかしょに、だんらくごとのめじるしをつける。
3,葉,は,落ちた[葉]っぱをかき集めてゴミぶくろに入れる。,おちたはっぱをかきあつめてごみぶくろにいれる。
3,葉,よう,秋になって通学路の木が落[葉]し始めた。,あきになってつうがくろのきがらくようしはじめた。
3,薬,くすり,病院でお[薬]を処方してもらう。,びょういんでおくすりをしょほうしてもらう。
3,薬,やく,あの倉庫には危険な[薬]品がしまってある。,あのそうこにはきけんなやくひんがしまってある。
3,血,けつ,転んでひざから出[血]する。,ころんでひざからしゅっけつする。
3,血,ち,明日の宿題を[血]まなこになって探す。,あすのしゅくだいをちまなこになってさがす。
3,表,あらわ,舌打ちして不満を[表]す。,したうちしてふまんをあらわす。
3,表,おもて,百円玉のどっち側が[表]か知ってる？,ひゃくえんだまのどっちがわがおもてかしってる?
3,表,ひょう,理科での実験の結果を[表]にまとめる。,りかでのじっけんのけっかをひょうにまとめる。
3,詩,し,今の気持ちを[詩]にしてノートに書く。,いまのきもちをしにしてノートにかく。
3,調,しら,ピアノの[調]べにうっとりする。,ピアノのしらべにうっとりする。
3,調,ちょう,いん石が落ちた場所に[調]査隊を向かわせる。,いんせきがおちたばしょにちょうさたいをむかわせる。
3,談,だん,休けい時間の間、雑[談]する。,きゅうけいじかんのあいだ、ざつだんする。
3,豆,ず,大[豆]からしょうゆが作られる。,だいずからしょうゆがつくられる。
3,豆,とう,牛乳と[豆]乳は味がちがう。,ぎゅうにゅうととうにゅうはあじがちがう。
3,負,お,ランドセルを背[負]う。,ランドセルをせおう。
3,負,ふ,まずは[負]担の軽い筋トレから始める。,まずはふたんのかるいきんとれからはじめる。
3,負,ま,[負]けないように、事前に作戦を立てておく。,まけないように、じぜんにさくせんをたてておく。
3,起,お,見たい映画が放送される深夜まで[起]きていた。,みたいえいががほうそうされるしんやまでおきていた。
3,起,き,日直が[起]立と礼の号令をかける。,にっちょくがきりつとれいのごうれいをかける。
3,路,じ,家[路]をかけ足で急ぐ。,いえじをかけあしでいそぐ。
3,路,ろ,ふみ切りが降りて線[路]をわたれなくなる。,ふみきりがおりてせんろをわたれなくなる。
3,身,しん,成長期になって[身]長がぐんぐんのびる。,せいちょうきになってしんちょうがぐんぐんのびる。
3,身,み,サルが[身]軽な動きで木に登る。,サルがみがるなうごきできにのぼる。
3,転,ころ,まさかバナナの皮で[転]ぶなんて。マンガみたいだ。,まさかバナナのかわでころぶなんて。マンガみたいだ。
3,転,ころ,りんごが坂道を[転]がり落ちる。,りんごがさかみちをころがりおちる。
3,転,てん,バイクの運[転]めん許を取得する。,バイクのうんてんめんもとをしゅとくする。
3,軽,かる,カバンからいらない物を取り出して[軽]くする。,カバンからいらないものをとりだしてかるくする。
3,軽,けい,[軽]快な音楽に合わせておどる。,けいかいなおんがくにあわせておどる。
3,農,のう,地元の[農]作物が安く売られている。,じもとののうさくもつがやすくうられている。
3,返,かえ,数年前に読んだ本をまた読み[返]す。,すうねんまえによんだほんをまたよみかえす。
3,返,へん,はがきがあて先不明で[返]送されてきた。,はがきがあてさきふめいでへんそうされてきた。
3,追,お,入ってきた虫を外へ[追]い出す。,はいってきたむしをそとへおいだす。
3,追,つい,クラスのめいぼに転校生の名前を[追]加する。,クラスのめいぼにてんこうせいのなまえをついかする。
3,送,おく,まちがった住所に荷物を[送]ってしまう。,まちがったじゅうしょににもつをおくってしまう。
3,送,そう,今週から新しいテレビ番組が放[送]される。,こんしゅうからあたらしいテレビばんぐみがほうそうされる。
3,速,そく,明日は昼ごろから急[速]に冷えこむらしい。,あすはひるごろからきゅうそくにひえこむらしい。
3,速,はや,松本さんは暗算がとても[速]い。,まつもとさんはあんざんがとてもはやい。
3,進,しん,科学の[進]歩で暮らしが豊かになる。,かがくのしんぽでくらしがゆたかになる。
3,進,すす,ひまな時間に宿題を[進]める。,ひまなじかんにしゅくだいをすすめる。
3,遊,あそ,弟は[遊]びつかれて、ねてしまいました。,おとうとはあそびつかれて、ねてしまいました。
3,遊,ゆう,公園に新しい[遊]具が設置される。,こうえんにあたらしいゆうぐがせっちされる。
3,運,うん,明日の[運]動会に備えて、今日は早めにねる。,あすのうんどうかいにそなえて、きょうははやめにねる。
3,運,はこ,大量の土がトラックに積まれて、どこかへ[運]ばれていく。,たいりょうのつちがトラックにつまれて、どこかへはこばれていく。
3,部,ぶ,自転車のこわれた[部]品を取りかえる。,じてんしゃのこわれたぶひんをとりかえる。
3,都,つ,その日はちょっと[都]合が悪い。,そのひはちょっとつごうがわるい。
3,都,と,アメリカの首[都]、ワシントンをおとずれる。,アメリカのしゅと、ワシントンをおとずれる。
3,都,みやこ,パリは﹁花の[都]﹂と呼ばれている。,パリは「はなのみやこ」とよばれている。
3,配,くば,[配]られたプリントにまちがいを見つける。,くばられたプリントにまちがいをみつける。
3,配,はい,マラソンはペース[配]分が重要だ。,マラソンはペースはいぶんがじゅうようだ。
3,酒,さか,[酒]場に旅人がおとずれる。,さかばにたびびとがおとずれる。
3,酒,さけ,病気でお[酒]が飲めなくなる。,びょうきでおさけがのめなくなる。
3,酒,しゅ,二十才の誕生日に初めて飲[酒]する。,にじゅうさいのたんじょうびにはじめていんしゅする。
3,重,え,三[重]県にある伊勢神宮は有名な神社だ。,みえけんにあるいせじんぐうはゆうめいなじんじゃだ。
3,重,おも,[重]いボーリングの玉を投げる。,おもいボーリングのたまをなげる。
3,重,かさ,今日は寒いので[重]ね着して出かける。,きょうはさむいのでかさねぎしてでかける。
3,重,じゅう,あとから[重]大なミスに気づく。,あとからじゅうだいなミスにきづく。
3,重,ちょう,話し合う相手の考えを尊[重]する。,はなしあうあいてのかんがえをそんちょうする。
3,鉄,てつ,体をきたえて、鋼[鉄]のような体を手に入れた。,からだをきたえて、こうてつのようなからだをてにいれた。
3,銀,ぎん,絵画コンクールで[銀]賞を取ったことがある。,かいがコンクールでぎんしょうをとったことがある。
3,開,あ,プレゼントの包み紙をワクワクしながら[開]ける。,プレゼントのつつみがみをワクワクしながらあける。
3,開,かい,物語の先が読めない展[開]にドキドキする。,ものがたりのさきがよめないてんかいにドキドキする。
3,開,ひら,窓を[開]いて空気の入れかえをする。,まどをひらいてくうきのいれかえをする。
3,院,いん,車の事故で骨折して入[院]する。,くるまのじこでこっせつしてにゅういんする。
3,陽,よう,太[陽]光発電のパネルがずらりと並んでいる。,たいようこうはつでんのパネルがずらりとならんでいる。
3,階,かい,四[階]までエレベーターに乗っていく。,よんかいまでエレベーターにのっていく。
3,集,あつ,大会の会場に参加者が[集]まる。,たいかいのかいじょうにさんかしゃがあつまる。
3,集,しゅう,本を読むことに[集]中する。,ほんをよむことにしゅうちゅうする。
3,面,めん,顔[面]にボールが当たって鼻血が出た。,がんめんにボールがあたってはなじがでた。
3,題,だい,作文を書いた後で[題]名を決めた。,さくぶんをかいたあとでだいめいをきめた。
3,飲,いん,この図書館では[飲]食は禁止です。,このとしょかんではいんしょくはきんしです。
3,飲,の,夏は水をこまめに[飲]もう。,なつはみずをこまめにのもう。
3,館,かん,体育[館]の天井の鉄骨にボールがはさまってしまった。,たいいくかんのてんじょうのてっこつにボールがはさまってしまった。
3,館,やかた,大金持ちの住んでいる[館]に招待される。,おおがねもちのすんでいるやかたにしょうたいされる。
3,駅,えき,あるネコが[駅]長に就任したというニュースを見た。,あるネコがえきちょうにしゅうにんしたというニュースをみた。
3,鼻,はな,[鼻]先に虫がぶつかってきた。,はなさきにむしがぶつかってきた。
4,不,ふ,最近は[不]運な出来事が多かった。,さいきんはふうんなできごとがおおかった。
4,不,ぶ,カエルはなんだか[不]気味で苦手なんだよね。,カエルはなんだかぶきみでにがてなんだよね。
4,争,あらそ,仲の悪い人と言い[争]いになる。,なかのわるいひとといいあらそいになる。
4,争,そう,プールの時間にクロールの競[争]をする。,プールのじかんにクロールのきょうそうをする。
4,井,い,おじいちゃんとおばあちゃんのいる福[井]県に手紙を送る。,おじいちゃんとおばあちゃんのいるふくいけんにてがみをおくる。
4,付,つ,辞典のいろんなページにふせんを[付]ける。,じてんのいろんなページにふせんをつける。
4,付,ふ,この駅[付]近には銀行やスーパーがあります。,このえきふきんにはぎんこうやスーパーがあります。
4,令,れい,部下に命[令]をする。,ぶかにめいれいをする。
4,以,い,三分[以]内に出かける準備を済ませた。,さんふんいないにでかけるじゅんびをすませた。
4,仲,なか,けんかした友達と[仲]直りする。,けんかしたともだちとなかなおりする。
4,伝,つた,冷やあせがこめかみを[伝]って落ちる。,ひやあせがこめかみをつたっておちる。
4,伝,つた,好きな人に思いを[伝]える。,すきなひとにおもいをつたえる。
4,伝,でん,父は毎年、正月に駅[伝]を見ている。,ちちはまいとし、しょうがつにえきでんをみている。
4,位,い,この[位]置からだとテレビが見えない。,このいちからだとテレビがみえない。
4,位,くらい,千の[位]を四捨五入する。,せんのくらいをししゃごにゅうする。
4,低,てい,来週は気温が冬並みに[低]下するらしい。,らいしゅうはきおんがふゆなみにていかするらしい。
4,低,ひく,この楽器は独特の[低]い音が出る。,このがっきはどくとくのひくいおとがでる。
4,佐,さ,[佐]賀県は今日、めずらしく雪が降った。,さがけんはきょう、めずらしくゆきがふった。
4,例,たと,分かりやすい[例]え話が思いつかない。,わかりやすいたとえばなしがおもいつかない。
4,例,れい,天気予報では、今年の冬は[例]年より寒くなるらしい。,てんきよほうでは、ことしのふゆはれいねんよりさむくなるらしい。
4,便,たよ,いなかの実家から[便]りが送られてくる。,いなかのじっかからたよりがおくられてくる。
4,便,びん,郵[便]局でアルバイトをする。,ゆうびんきょくでアルバイトをする。
4,便,べん,この家は近くに駅があって[便]利だ。,このいえはちかくにえきがあってべんりだ。
4,信,しん,ゲーム機同士で通[信]をして遊ぶ。,ゲームきどうしでつうしんをしてあそぶ。
4,倉,くら,[倉]の二階から本を持ち出す。,くらのにかいからほんをもちだす。
4,倉,そう,非常食を[倉]庫にしまっておく。,ひじょうしょくをそうこにしまっておく。
4,候,こう,生徒会長の選挙に立[候]補する。,せいとかいちょうのせんきょにりっこうほする。
4,借,か,銀行からお金を[借]りる。,ぎんこうからおかねをかりる。
4,借,しゃく,[借]家のゆかに傷をつけてしまう。,しゃくやのゆかにきずをつけてしまう。
4,健,けん,具合の悪そうな友達を保[健]室に連れて行く。,ぐあいのわるそうなともだちをほけんしつにつれていく。
4,側,がわ,プリントの裏[側]に落書きする。,プリントのうらがわにらくがきする。
4,側,そく,箱の[側]面に中身を書いておく。,ばこのそくめんになかみをかいておく。
4,働,どう,勤めている会社の労[働]組合に入る。,つとめているかいしゃのろうどうくみあいにはいる。
4,働,はたら,熱心に[働]く。,ねっしんにはたらく。
4,億,おく,いつか[億]万長者になって、思い切りぜいたくしてみたいなあ。,いつかおくまんちょうじゃになって、おもいきりぜいたくしてみたいなあ。
4,兆,ちょう,もし願いがかなうのなら、百[兆]円ほしい！,もしねがいがかなうのなら、ひゃくちょうえんほしい!
4,児,じ,記念日に[児]童たちにおかしが配られた。,きねんびにじどうたちにおかしがくばられた。
4,共,きょう,ペットの写真をＳＮＳで[共]有する。,ペットのしゃしんをえすえぬえすできょうゆうする。
4,共,とも,勇者が仲間たちと[共]にま王をたおす旅に出る。,ゆうしゃがなかまたちとともにまおうをたおすたびにでる。
4,兵,ひょう,[兵]庫県の県庁所在地は神戸市だ。,ひょうごけんのけんちょうしょざいちはこうべしだ。
4,兵,へい,セーラー服は、水[兵]が着るものでもある。,せーらーふくは、すいへいがきるものでもある。
4,典,てん,映画館の入場者特[典]でパンフレットをもらった。,えいがかんのにゅうじょうしゃとくてんでパンフレットをもらった。
4,冷,さ,たこ焼きが[冷]める前にほおばる。,たこやきがさめるまえにほおばる。
4,冷,つめ,運動後に[冷]たいジュースをがぶ飲みする。,うんどうごにつめたいジュースをがぶのみする。
4,冷,ひ,やけどした部分を氷で[冷]やす。,やけどしたぶぶんをこおりでひやす。
4,冷,れい,雪女がとてつもない[冷]気を放つ。,ゆきおんながとてつもないれいきをはなつ。
4,初,し,群馬県には日本[初]の製糸工場が建てられた。,ぐんまけんにはにっぽんはつのせいしこうじょうがたてられた。
4,初,しょ,[初]心者向けのジグソーパズルを買う。,しょしんしゃむけのジグソーパズルをかう。
4,初,はじ,本物のクマを[初]めて見る。,ほんもののクマをはじめてみる。
4,初,はつ,[初]夢で富士山の夢を見た。,はつゆめでふじやまのゆめをみた。
4,別,べつ,目が悪く、キャベツとレタスを区[別]できない。,めがわるく、キャベツとレタスをくべつできない。
4,別,わか,長い旅の中で、何度も出会いと[別]れをくり返した。,ながいたびのなかで、なんどもであいとわかれをくりかえした。
4,利,り,ボロボロの服をぞうきんにして再[利]用する。,ボロボロのふくをぞうきんにしてさいりようする。
4,刷,さつ,クラス全員分のプリントを印[刷]する。,クラスぜんいんぶんのプリントをいんさつする。
4,刷,す,インクをつけて版画を[刷]るときはきんちょうする。,インクをつけてはんがをするときはきんちょうする。
4,副,ふく,かぜ薬の[副]作用でねむくなる。,かぜぐすりのふくさようでねむくなる。
4,功,こう,素晴らしい[功]績をたたえて賞状がおくられる。,すばらしいこうせきをたたえてしょうじょうがおくられる。
4,加,か,昼休みのドッジボールに参[加]する。,ひるやすみのドッジボールにさんかする。
4,加,くわ,料理がへたな兄が、肉じゃがに大量の塩を[加]える。,りょうりがへたなあにが、にくじゃがにたいりょうのしおをくわえる。
4,努,つと,授業に集中するよう[努]める。,じゅぎょうにしゅうちゅうするようつとめる。
4,努,ど,ゆうじくんは[努]力家だ。,ゆうじくんはどりょくかだ。
4,労,ろう,合戦での功[労]に応じたほうびをあたえる。,かっせんでのこうろうにおうじたほうびをあたえる。
4,勇,いさ,[勇]み足な行動をしないよう、言い聞かせる。,いさみあしなこうどうをしないよう、いいきかせる。
4,勇,ゆう,力強い言葉に[勇]気をもらう。,ちからづよいことばにゆうきをもらう。
4,包,つつ,[包]みを小わきにかかえて歩く。,つつみをこわきにかかえてあるく。
4,包,ほう,きょう悪犯を[包]囲してつかまえる。,きょうわるはんをほういしてつかまえる。
4,卒,そつ,[卒]業式の日に泣いてしまった。,そつぎょうしきのひにないてしまった。
4,協,きょう,仲間たちと[協]力して、ま王をたおすことができた。,なかまたちときょうりょくして、まおうをたおすことができた。
4,単,たん,英[単]語をがんばって暗記する。,えいたんごをがんばってあんきする。
4,博,はく,一九七〇年、大阪で万国[博]覧会が開かれた。,いちきゅうななれいねん、おおさかでばんこくはくらんかいがひらかれた。
4,印,しるし,自分のものだと分かるように、道具に[印]をつけておく。,じぶんのものだとわかるように、どうぐにしるしをつけておく。
4,参,さん,遠足におかしを持[参]する。,えんそくにおかしをじさんする。
4,参,まい,おぼんの日に墓[参]りに行く。,おぼんのひにはかまいりにいく。
4,司,し,討論会で[司]会の役を引き受ける。,とうろんかいでしかいのやくをひきうける。
4,各,かく,明日の図工の時間は、[各]自絵の具を持ってきてください。,あすのずこうのじかんは、かくじえのぐをもってきてください。
4,周,しゅう,桜の木の[周]辺でお花見をする。,さくらのきのしゅうへんでおはなみをする。
4,周,まわ,[周]りの人に助けを求める。,まわりのひとにたすけをもとめる。
4,唱,しょう,合[唱]の練習に本気で取り組む。,がっしょうのれんしゅうにほんきでとりくむ。
4,唱,とな,まほう使いがじゅもんを[唱]える。,まほうつかいがじゅもんをとなえる。
4,器,き,ぼくは不[器]用で絵をかくのが苦手だ。,ぼくはぶきようでえをかくのがにがてだ。
4,固,かた,紙ねんどをかわかして[固]める。,かみねんどをかわかしてかためる。
4,固,こ,木の板をネジでとめて[固]定する。,きのいたをネジでとめてこていする。
4,城,しろ,[城]のあちこちにわなをしかける。,しろのあちこちにわなをしかける。
4,城,じょう,[城]門に敵がせめこんでくる。,じょうもんにてきがせめこんでくる。
4,埼,さい,[埼]玉県にある鉄道博物館に行く。,さいたまけんにあるてつどうはくぶつかんにいく。
4,塩,えん,海の水がしょっぱいのは、[塩]分がとけこんでいるからだ。,うみのみずがしょっぱいのは、えんぶんがとけこんでいるからだ。
4,塩,しお,この肉じゃが、なんだか[塩]からくない？,このにくじゃが、なんだかしおからくない?
4,変,か,このシリーズの第四作目では主人公が[変]わる。,このシリーズのだいよんさくめではしゅじんこうがかわる。
4,変,へん,ヨウ素液を加えると、でんぷんが[変]色する。,ようそえきをくわえると、でんぷんがへんしょくする。
4,夫,おっと,家に来た友達に[夫]をしょうかいする。,いえにきたともだちにおっとをしょうかいする。
4,夫,ふ,近所に子供のいる[夫]妻が引っこしてくる。,きんじょにこどものいるふさいがひっこしてくる。
4,失,うしな,ネコを追いかけていたが見[失]った。,ネコをおいかけていたがみうしなった。
4,失,しつ,お客さんに[失]礼なことを言っておこられた。,おきゃくさんにしつれいなことをいっておこられた。
4,奈,なら,[奈]良の大仏は約十五メートルの大きさがある。,ならのだいぶつはやくじゅうごメートルのおおきさがある。
4,好,こう,今日のごはんは大[好]物のハンバーグだ。,きょうのごはんはだいこうぶつのハンバーグだ。
4,好,この,宮田さんはホラー小説が[好]みだ。,みやたさんはホラーしょうせつがこのみだ。
4,好,す,姉はモンブランが大[好]きだ。,あねはモンブランがだいすきだ。
4,媛,えひめ,スーパーで愛[媛]県のミカンが売られていた。,スーパーでえひめけんのミカンがうられていた。
4,季,き,[季]節の変わり目にかぜを引いてしまう。,きせつのかわりめにかぜをひいてしまう。
4,孫,そん,タイムマシンで自分の子[孫]に会いに行く。,タイムマシンでじぶんのしそんにあいにいく。
4,孫,まご,おじいちゃんが[孫]をあまやかす。,おじいちゃんがまごをあまやかす。
4,完,かん,夏休みの自由研究を[完]成させる。,なつやすみのじゆうけんきゅうをかんせいさせる。
4,官,かん,警察[官]が犯人を取りおさえた。,けいさつかんがはんにんをとりおさえた。
4,害,がい,運動会の障[害]物競走で一位をとった。,うんどうかいのしょうがいぶつきょうそうでいちいをとった。
4,富,と,村田博士は、こん虫の知識に[富]んでいる。,むらたはかせは、こんちゅうのちしきにとんでいる。
4,富,とみ,[富]をつかさどる神様においのりする。,とみをつかさどるかみさまにおいのりする。
4,富,ふ,ビタミンが豊[富]な野菜を食べる。,ビタミンがほうふなやさいをたべる。
4,察,さつ,警[察]官になることを目指して勉強する。,けいさつかんになることをめざしてべんきょうする。
4,岐,ぎふ,関ケ原の戦いは[岐]阜県で起こった。,せきがはらのたたかいはぎふけんでおこった。
4,岡,おか,おいしいお茶で有名な、静[岡]県に行く。,おいしいおちゃでゆうめいな、しずおかけんにいく。
4,崎,さき,長[崎]県は島の数の多さでは日本一だ。,ながさきけんはしまのかずのおおさではにっぽんいちだ。
4,巣,す,ツバメの[巣]を使った中国の料理を食べる。,ツバメのすをつかったちゅうごくのりょうりをたべる。
4,差,さ,カーテンのすき間から光が[差]す。,カーテンのすきまからひかりがさす。
4,差,さ,二位と大[差]をつけてゴールする。,にいとたいさをつけてゴールする。
4,希,き,[希]少な鉱石が高値で取引される。,きしょうなこうせきがたかねでとりひきされる。
4,席,せき,新幹線の[席]を予約する。,しんかんせんのせきをよやくする。
4,帯,お,かぶと虫は丸みを[帯]びた姿をしている。,かぶとむしはまるみをおびたすがたをしている。
4,帯,おび,着物の[帯]をきつくしめ直す。,きもののおびをきつくしめなおす。
4,帯,たい,海岸地[帯]にある街が本で取り上げられる。,かいがんちたいにあるまちがほんでとりあげられる。
4,底,そこ,ぬまの[底]からカッパが現れた。,ぬまのそこからカッパがあらわれた。
4,底,てい,[底]辺と高さから四角形の面積を計算する。,ていへんとたかさからよんかくけいのめんせきをけいさんする。
4,府,ふ,政[府]がきん急事態宣言を出した。,せいふがきんきゅうじたいせんげんをだした。
4,康,こう,健[康]に気をつけて規則正しい生活をする。,けんこうにきをつけてきそくただしいせいかつをする。
4,建,けん,近所に大きなマンションが[建]設される。,きんじょにおおきなマンションがけんせつされる。
4,建,た,ずっと空き地だったところに家が[建]つ。,ずっとあきちだったところにいえがたつ。
4,径,けい,円の直[径]から、その円の外周を計算する。,えんのちょっけいから、そのえんのがいしゅうをけいさんする。
4,徒,と,宗教の信[徒]たちが教会に集まる。,しゅうきょうのしんとたちがきょうかいにあつまる。
4,必,かなら,明日こそ、本を返してね。[必]ずだよ。,あすこそ、ほんをかえしてね。かならずだよ。
4,必,ひつ,料理に[必]要なものを買いそろえる。,りょうりにひつようなものをかいそろえる。
4,念,ねん,[念]力で、曲がったスプーンを直す。,ねんりきで、まがったスプーンをなおす。
4,愛,あい,誕生日にもらったペンを[愛]用している。,たんじょうびにもらったペンをあいようしている。
4,成,せい,今学期は良い[成]績で、親にほめてもらえた。,こんがっきはよいせいせきで、おやにほめてもらえた。
4,成,な,ボランティアは善意によって[成]り立っている。,ボランティアはぜんいによってなりたっている。
4,戦,せん,サッカーの作[戦]を立てる。,サッカーのさくせんをたてる。
4,戦,たたか,チャンピオンの座をかけて[戦]う。,チャンピオンのざをかけてたたかう。
4,折,お,針金を[折]り曲げる。,はりがねをおりまげる。
4,折,おり,ひまなときに[折]よく、遊びにさそわれる。,ひまなときにおりよく、あそびにさそわれる。
4,折,せつ,信号の前で右[折]してコンビニに入る。,しんごうのまえでうせつしてコンビニにはいる。
4,挙,あ,左右を確認して、手を[挙]げて横断歩道をわたる。,さゆうをかくにんして、てをあげておうだんほどうをわたる。
4,改,あらた,母におこられて、態度を[改]める。,ははにおこられて、たいどをあらためる。
4,改,かい,正義のヒーローのおかげで、悪人が[改]心した。,せいぎのヒーローのおかげで、あくにんがかいしんした。
4,敗,はい,戦いに[敗]北した武将がにげだす。,たたかいにはいぼくしたぶしょうがにげだす。
4,敗,やぶ,ヘビー級王者にいどむも[敗]れてしまった。,へびーきゅうおうじゃにいどむもやぶれてしまった。
4,散,さん,庭に殺虫ざいを[散]布する。,にわにさっちゅうざいをさんぷする。
4,散,ち,片付けたばかりの部屋を[散]らかす。,かたづけたばかりのへやをちらかす。
4,料,りょう,[料]金をはらって高速道路から出る。,りょうきんをはらってこうそくどうろからでる。
4,旗,き,色々な国の国[旗]を調べる。,いろいろなくにのこっきをしらべる。
4,旗,はた,人類が初めて月に着いたときに、[旗]が立てられた。,じんるいがはじめてつきについたときに、はたがたてられた。
4,昨,さく,[昨]夜は風の音がうるさくてねむれなかった。,さくやはかぜのおとがうるさくてねむれなかった。
4,最,さい,勉強の[最]中にじゃまをされておこる。,べんきょうのさいちゅうにじゃまをされておこる。
4,最,もっと,お店の中で[最]も大きなスイカを買って帰る。,おみせのなかでもっともおおきなスイカをかってかえる。
4,望,のぞ,あなたの[望]みを三つまでかなえましょう。,あなたののぞみをみっつまでかなえましょう。
4,望,ぼう,アンケートで客からの要[望]を聞く。,アンケートできゃくからのようぼうをきく。
4,未,み,宇宙飛行士が[未]知のわく星に降り立つ。,うちゅうひこうしがみちのわくほしにおりたつ。
4,末,すえ,うちの[末]っ子はまだ三才だ。,うちのすえっこはまださんさいだ。
4,末,まつ,まっ茶の粉[末]がかかったスイーツを食べる。,まっちゃのふんまつがかかったスイーツをたべる。
4,札,さつ,改[札]の前できっぷを取り出す。,かいさつのまえできっぷをとりだす。
4,札,ふだ,名[札]を見てその人の名前を覚える。,なふだをみてそのひとのなまえをおぼえる。
4,材,ざい,新聞記者から取[材]を受ける。,しんぶんきしゃからしゅざいをうける。
4,束,そく,練習の中でチームの結[束]が強くなる。,れんしゅうのなかでチームのけっそくがつよくなる。
4,束,たば,コードの余った部分を[束]ねておく。,コードのあまったぶぶんをたばねておく。
4,松,しょう,[松]・竹・梅の中からコースを選ぶ。,しょう・ちく・ばいのなかからコースをえらぶ。
4,松,まつ,ぼんさいで[松]の木を育てる。,ぼんさいでまつのきをそだてる。
4,果,か,[果]樹園でしぼりたてのジュースを買う。,かじゅえんでしぼりたてのジュースをかう。
4,果,は,くじ引きの屋台でおこづかいを使い[果]たす。,くじびきのやたいでおこづかいをつかいはたす。
4,栃,とち,今は[栃]木県に住んでいるが、出身は東京だ。,いまはとちぎけんにすんでいるが、しゅっしんはとうきょうだ。
4,栄,えい,おかしばかりじゃなくて、もっと[栄]養のあるものも食べなさい。,おかしばかりじゃなくて、もっとえいようのあるものもたべなさい。
4,栄,さか,あの街は観光名所が出来てから、急激に[栄]えた。,あのまちはかんこうめいしょができてから、きゅうげきにさかえた。
4,案,あん,ツアー旅行でガイドさんに[案]内してもらう。,ツアーりょこうでガイドさんにあんないしてもらう。
4,梅,うめ,[梅]干し入りのおにぎりを食べる。,うめぼしいりのおにぎりをたべる。
4,梅,ばい,[梅]林の中をのんびり歩く。,ばいりんのなかをのんびりあるく。
4,械,かい,とても大きな機[械]が動いている。,とてもおおきなきかいがうごいている。
4,極,きょく,積[極]的に発表していることを先生にほめられた。,せっきょくてきにはっぴょうしていることをせんせいにほめられた。
4,標,ひょう,クマの[標]本が展示されている。,クマのひょうほんがてんじされている。
4,機,き,この電子レンジにはたくさんの[機]能が付いている。,このでんしれんじにはたくさんのきのうがついている。
4,欠,か,ゆかに落としてお皿が[欠]けてしまった。,ゆかにおとしておさらがかけてしまった。
4,欠,けつ,花を大きく育てるには水と日光が必要不可[欠]だ。,はなをおおきくそだてるにはみずとにっこうがひつようふかけつだ。
4,残,いん,[残]っている。,のこっている。
4,残,ざん,大会で優勝できなくてとても[残]念だ。,たいかいでゆうしょうできなくてとてもざんねんだ。
4,残,のこ,おかしを食べ過ぎて晩ごはんを[残]した。,おかしをたべすぎてばんごはんをのこした。
4,氏,し,受付の人に自分の[氏]名を伝える。,うけつけのひとにじぶんのしめいをつたえる。
4,民,みん,市[民]ホールでコンサートが開かれる。,しみんホールでコンサートがひらかれる。
4,求,きゅう,ゆうかい犯からお金を要[求]される。,ゆうかいはんからおかねをようきゅうされる。
4,求,もと,年末はおもちを買い[求]める人が多くなる。,ねんまつはおもちをかいもとめるひとがおおくなる。
4,沖,おき,修学旅行の行き先は[沖]縄だ。,しゅうがくりょこうのいきさきはおきなわだ。
4,治,おさ,王様によって国が[治]められる。,おうさまによってくにがおさめられる。
4,治,じ,政[治]に関心を持つ。,せいじにかんしんをもつ。
4,治,ち,病院でケガを[治]りょうしてもらう。,びょういんでケガをちりょうしてもらう。
4,治,なお,ばんそうこうをはって自然に[治]るのを待つ。,ばんそうこうをはってしぜんになおるのをまつ。
4,法,ほう,薬は用[法]・用量を守ってお飲みください。,くすりはようほう・ようりょうをまもっておのみください。
4,泣,な,映画を見て思わず[泣]いてしまった。,えいがをみておもわずないてしまった。
4,浅,あさ,海の[浅]いところで遊ぶ。,うみのあさいところであそぶ。
4,浴,あ,川で野鳥が水を[浴]びている。,かわでやちょうがみずをあびている。
4,浴,あ,記者会見で政治家に次々と質問が[浴]びせられる。,きしゃかいけんでせいじかにつぎつぎとしつもんがあびせられる。
4,浴,よく,来週、みんなで海水[浴]に行かない？,らいしゅう、みんなでかいすいよくにいかない?
4,清,きよ,家の前をほうきではき[清]める。,いえのまえをほうきではききよめる。
4,清,せい,下書きした文章をペンで[清]書する。,したがきしたぶんしょうをペンでせいしょする。
4,満,まん,朝の[満]員電車に乗りこむ。,あさのまんいんでんしゃにのりこむ。
4,満,み,水とうの中をジュースで[満]たす。,すいとうのなかをジュースでみたす。
4,満,み,自信に[満]ちた態度で演説をする。,じしんにみちたたいどでえんぜつをする。
4,滋,しが,テレビで[滋]賀県の方言を知った。,テレビでしがけんのほうげんをしった。
4,漁,ぎょ,明治時代は[漁]村だったのが発展して、今の町になった。,めいじじだいはぎょそんだったのがはってんして、いまのまちになった。
4,漁,りょう,[漁]船が大漁旗をあげて帰ってきた。,ぎょせんがたいりょうきをあげてかえってきた。
4,潟,がた,新[潟]県の親せきから新米が届いた。,にいがたけんのしんせきからしんまいがとどいた。
4,灯,とう,[灯]台の光をたよりにして船を進める。,とうだいのひかりをたよりにしてふねをすすめる。
4,無,な,先生が休んで、今日の小テストが[無]くなる。,せんせいがやすんで、きょうのしょうテストがなくなる。
4,無,ぶ,火事が起こりかけたが、[無]事に消火された。,かじがおこりかけたが、ぶじにしょうかされた。
4,無,む,気まずいふんいきで[無]言になる。,きまずいふんいきでむごんになる。
4,然,ぜん,テレビがとつ[然]こわれてしまう。,テレビがとつぜんこわれてしまう。
4,然,ねん,天[然]の温泉に入りに行く。,てんねんのおんせんにはいりにいく。
4,焼,や,朝ごはんに目玉[焼]きを食べる。,あさごはんにめだまやきをたべる。
4,照,しょう,暗くなってきたので[照]明をつける。,くらくなってきたのでしょうめいをつける。
4,照,て,かのじょは[照]れ屋ですぐ顔が赤くなる。,かのじょはてれやですぐかおがあかくなる。
4,熊,くま,白[熊]がいるのは南極だったっけ？,しろくまがいるのはなんきょくだったっけ?
4,熱,ねつ,しゅみのバスケに情[熱]を燃やす。,しゅみのバスケにじょうねつをもやす。
4,牧,ぼく,教会の[牧]師さんになやみを相談する。,きょうかいのぼくしさんになやみをそうだんする。
4,特,とく,旅行先の[特]産品を使ったおかしを食べる。,りょこうさきのとくさんひんをつかったおかしをたべる。
4,産,う,ウミガメがなみだを流しながら卵を[産]む。,ウミガメがなみだをながしながらたまごをうむ。
4,産,さん,現代はインターネット関連の[産]業が多い。,げんだいはインターネットかんれんのさんぎょうがおおい。
4,的,てき,うらない師の予言が[的]中する。,うらないしのよげんがてきちゅうする。
4,的,まと,話を聞かず、[的]はずれなことを言ってしまう。,はなしをきかず、まとはずれなことをいってしまう。
4,省,しょう,長い話を[省]略して説明する。,ながいはなしをしょうりゃくしてせつめいする。
4,省,せい,反[省]文を書く。,はんせいぶんをかく。
4,省,はぶ,余計な手間を[省]いて作業する。,よけいなてまをはぶいてさぎょうする。
4,祝,いわ,大会の優勝をみんなでお[祝]いする。,たいかいのゆうしょうをみんなでおいわいする。
4,祝,しゅく,友達のけっこんを[祝]福する。,ともだちのけっこんをしゅくふくする。
4,票,ひょう,信らいできる人に投[票]する。,しんらいできるひとにとうひょうする。
4,種,しゅ,いろいろな[種]類の薬品を調合する。,いろいろなしゅるいのやくひんをちょうごうする。
4,種,たね,庭に花の[種]をたくさんまく。,にわにはなのたねをたくさんまく。
4,積,せき,一番面[積]が広い部屋にテレビを置く。,いちばんめんせきがひろいへやにテレビをおく。
4,積,つ,雪が[積]もって歩きづらくなる。,ゆきがつもってあるきづらくなる。
4,競,きょう,友達と計算の速さで[競]争する。,ともだちとけいさんのはやさできょうそうする。
4,競,けい,この牧場では[競]馬に出る馬を育てている。,このぼくじょうではけいばにでるうまをそだてている。
4,笑,わら,となりの教室から[笑]い声が聞こえてきた。,となりのきょうしつからわらいごえがきこえてきた。
4,管,かん,[管]制とうが飛行機のパイロットに指示する。,かんせいとうがひこうきのパイロットにしじする。
4,管,くだ,古い[管]を新品のホースに取りかえる。,ふるいくだをしんぴんのホースにとりかえる。
4,節,せつ,おこづかいを[節]約して貯金する。,おこづかいをせつやくしてちょきんする。
4,節,ふし,四月は学年が変わる[節]目の時期だ。,よんがつはがくねんがかわるふしめのじきだ。
4,約,やく,ネットでホテルを予[約]する。,ネットでホテルをよやくする。
4,結,けつ,書いていた物語を完[結]させる。,かいていたものがたりをかんけつさせる。
4,結,むす,リレーの前にくつひもをしっかり[結]んでおく。,リレーのまえにくつひもをしっかりむすんでおく。
4,給,きゅう,ガソリンスタンドで車に[給]油する。,ガソリンスタンドでくるまにきゅうゆする。
4,続,ぞく,大人気映画の[続]編が公開される。,だいにんきえいがのぞくへんがこうかいされる。
4,続,つづ,カラオケで二時間のあいだ歌い[続]ける。,カラオケでにじかんのあいだうたいつづける。
4,縄,なわ,[縄]とびの難しいわざを身につけた。,なわとびのむずかしいわざをみにつけた。
4,置,お,テーブルの上にお皿とコップを[置]く。,テーブルのうえにおさらとコップをおく。
4,置,ち,机がボロボロのまま放[置]されている。,つくえがボロボロのままほうちされている。
4,群,ぐん,[群]馬県はこんにゃくの生産量が全国一位だ。,ぐんまけんはこんにゃくのせいさんりょうがぜんこくいちいだ。
4,群,む,ゾウは[群]れを作って暮らしている。,ゾウはむれをつくってくらしている。
4,群,むら,セール品に買い物客が[群]がる。,セールひんにかいものきゃくがむらがる。
4,老,お,年[老]いて激しい運動ができなくなる。,としおいてはげしいうんどうができなくなる。
4,老,ろう,道ばたの[老]人に道をたずねる。,みちばたのろうじんにみちをたずねる。
4,臣,しん,王さまが[臣]下たちに命令する。,おうさまがしんかたちにめいれいする。
4,臣,じん,総理大[臣]が中心になって会議が行われる。,そうりだいじんがちゅうしんになってかいぎがおこなわれる。
4,良,りょう,不[良]同士のけんかに巻きこまれる。,ふりょうどうしのけんかにまきこまれる。
4,芸,げい,サーカスではいろいろな曲[芸]が見られて楽しかった。,サーカスではいろいろなきょくげいがみられてたのしかった。
4,芽,が,昨日植えた種がもう発[芽]していた。,きのううえたたねがもうはつがしていた。
4,芽,め,学級委員になって、責任感が[芽]生える。,がっきゅういいんになって、せきにんかんがめばえる。
4,英,えい,上手に[英]語を話せる人には、すごくあこがれる。,じょうずにえいごをはなせるひとには、すごくあこがれる。
4,茨,いばらき,外国旅行から、家のある[茨]城県に帰る。,がいこくりょこうから、いえのあるいばらきけんにかえる。
4,菜,さい,山[菜]を採りに山に入る。,さんさいをとりにやまにはいる。
4,菜,な,料理に[菜]種油を使う。,りょうりになたねあぶらをつかう。
4,街,がい,夜になって[街]灯が光るようになる。,よるになってがいとうがひかるようになる。
4,街,まち,[街]のあちこちでお祭りの音がする。,まちのあちこちでおまつりのおとがする。
4,衣,い,お医者さんが白[衣]をぬいで、家に帰った。,おいしゃさんがはくいをぬいで、いえにかえった。
4,要,かなめ,この道路は、この街の交通の[要]になっている。,このどうろは、このまちのこうつうのかなめになっている。
4,要,よう,必[要]なもののメモを持って買い物に行く。,ひつようなもののメモをもってかいものにいく。
4,覚,おぼ,漢字の読み方を[覚]えるために勉強する。,かんじのよみかたをおぼえるためにべんきょうする。
4,覚,かく,悪いくせを自[覚]して直そうとする。,わるいくせをじかくしてなおそうとする。
4,覚,さ,ねぼうしてお昼ごろに目を[覚]ました。,ねぼうしておひるごろにめをさました。
4,観,かん,ゆかりさんはいつも楽[観]的だ。,ゆかりさんはいつもらっかんてきだ。
4,訓,くん,この問題の答えは[訓]読みではありません。,このもんだいのこたえはくんよみではありません。
4,試,こころ,今までにない新しい方法を[試]みる。,いままでにないあたらしいほうほうをこころみる。
4,試,し,サッカーの[試]合を見のがしてしまう。,サッカーのしあいをみのがしてしまう。
4,説,せつ,ある地域の伝[説]について調べる。,あるちいきのでんせつについてしらべる。
4,説,と,親を[説]きふせて遊ぶ許可をもらう。,おやをときふせてあそぶきょかをもらう。
4,課,か,放[課]後にコンビニに寄り道する。,ほうかごにコンビニによりみちする。
4,議,ぎ,お正月に不思[議]な夢を見た。,おしょうがつにふしぎなゆめをみた。
4,貨,か,百[貨]店でやっていたくじ引きで当たった。,ひゃっかてんでやっていたくじびきであたった。
4,賀,が,遠くの親せきから年[賀]状が届く。,とおくのしんせきからねんがじょうがとどく。
4,軍,ぐん,[軍]手を着けて畑を耕す。,ぐんてをつけてはたけをたがやす。
4,輪,りん,たった一[輪]の花を大切に育てる。,たったいちりんのはなをたいせつにそだてる。
4,輪,わ,けっこん指[輪]を差し出してプロポーズする。,けっこんゆびわをさしだしてプロポーズする。
4,辞,じ,リーダーに推せんされたが、[辞]退した。,リーダーにすいせんされたが、じたいした。
4,辺,あた,目的地はあのビルの[辺]りにある。,もくてきちはあのビルのあたりにある。
4,辺,へん,ボールペン？その[辺]に置いといたよ。,ボールペン?きごうきごうきごうきごうきごうきごうきごうきごうきごうきごうきごうきごうきごうきごうきごうきごうきごうきごうきごうきごうきごうきごうきごうきごうきごうきごうきごうきごうきごうきごうきごうきごうそのへんにおいといたよ。
4,辺,べ,岸[辺]で海をながめながら思いにふける。,きしべでうみをながめながらおもいにふける。
4,連,つ,おぼっちゃまがしつじを[連]れて歩いている。,おぼっちゃまがしつじをつれてあるいている。
4,連,つら,遠くまで[連]なっている万里の長城を写真にとる。,とおくまでつらなっているばんりのちょうじょうをしゃしんにとる。
4,連,れん,[連]続で当たりくじを引き当てる。,れんぞくであたりくじをひきあてる。
4,達,たつ,空手の[達]人がかわらを割った。,からてのたつじんがかわらをわった。
4,選,えら,自分に似合う服を[選]んでもらう。,じぶんににあうふくをえらんでもらう。
4,選,せん,書道コンクールに入[選]した。,しょどうコンクールににゅうせんした。
4,郡,ぐん,北海道には、百七十九の市町村と、六十四の[郡]がある。,ほっかいどうには、ひゃくななじゅうきゅうのしちょうそんと、むそしのぐんがある。
4,量,はか,健康しん断で体重を[量]る。,けんこうしんだんでたいじゅうをはかる。
4,量,りょう,畑から大[量]のじゃがいもがとれた。,はたけからたいりょうのじゃがいもがとれた。
4,録,ろく,バラエティ番組を[録]画する。,バラエティばんぐみをろくがする。
4,鏡,かがみ,[鏡]もちにカビが生えてしまった。,かがみもちにカビがはえてしまった。
4,鏡,きょう,望遠[鏡]でだれも知らない星を探す。,ぼうえんきょうでだれもしらないほしをさがす。
4,関,かか,前に[関]わったことのある人から手紙が届いた。,まえにかかわったことのあるひとからてがみがとどいた。
4,関,かん,いきなり[関]係ない話を始める。,いきなりかんけいないはなしをはじめる。
4,関,せき,巻き物をぬすんだにん者が[関]所でつかまった。,まきものをぬすんだにんじゃがせきしょでつかまった。
4,阜,ぎふ,岐[阜]城は信長が住んでいた城として有名だ。,ぎふじょうはのぶなががすんでいたしろとしてゆうめいだ。
4,阪,おおさか,大[阪]は﹁食いだおれの街﹂と言われている。,おおさかは「くいだおれのまち」といわれている。
4,陸,りく,魚が[陸]に打ち上げられる。,さかながりくにうちあげられる。
4,静,しず,ねている赤ちゃんを[静]かに運ぶ。,ねているあかちゃんをしずかにはこぶ。
4,静,せい,冬はよく[静]電気が起こるからきらいだ。,ふゆはよくせいでんきがおこるからきらいだ。
4,順,じゅん,教えてもらった道[順]をメモする。,おしえてもらったみちじゅんをメモする。
4,願,ねが,君、昨日も一生のお[願]いって言ってたよね。,きみ、きのうもいっしょうのおねがいっていってたよね。
4,類,たぐい,[類]まれな才能の持ち主と話す。,たぐいまれなさいのうのもちぬしとはなす。
4,類,るい,書[類]をまとめてファイルに入れる。,しょるいをまとめてファイルにいれる。
4,飛,と,テーブルにケチャップが[飛]び散る。,テーブルにケチャップがとびちる。
4,飛,ひ,[飛]行機に乗って旅行に行く。,ひこうきにのってりょこうにいく。
4,飯,はん,お正月に赤[飯]をたく。,おしょうがつにせきはんをたく。
4,飯,めし,この程度のことなら、朝[飯]前だよ。,このていどのことなら、あさめしまえだよ。
4,養,やしな,会社に勤めて子どもたちを[養]う。,かいしゃにつとめてこどもたちをやしなう。
4,養,よう,スポーツ選手が病気で休[養]する。,スポーツせんしゅがびょうきできゅうようする。
4,香,か,[香]川県にはうどん以外にもいろいろな名産品がある。,かがわけんにはうどんいがいにもいろいろなめいさんひんがある。
4,香,かお,この通りは花屋があるから、いつも花の[香]りがする。,このとおりははなやがあるから、いつもはなのかおりがする。
4,験,けん,気合を入れて受[験]勉強をする。,きあいをいれてじゅけんべんきょうをする。
4,鹿,かごしま,[鹿]児島県から、親せきのおばさんが遊びに来た。,かごしまけんから、しんせきのおばさんがあそびにきた。
4,鹿,しか,奈良県にはあちこちに[鹿]がいた。,ならけんにはあちこちにしかがいた。
5,久,きゅう,マラソンでは持[久]力が試される。,マラソンではじきゅうりょくがためされる。
5,久,ひさ,同窓会で[久]しぶりに友だちに会う。,どうそうかいでひさしぶりにともだちにあう。
5,仏,ぶつ,おそう式でおぼうさんが念[仏]を唱える。,おそうしきでおぼうさんがねんぶつをとなえる。
5,仏,ほとけ,[仏]様に手を合わせる。,ほとけさまにてをあわせる。
5,仮,か,ハロウィンの日に、みんなで[仮]装して集まる。,ハロウィンのひに、みんなでかそうしてあつまる。
5,仮,かり,[仮]にこうだったらの、例え話をする。,かりにこうだったらの、たとえばなしをする。
5,件,けん,先に勉強することを条[件]に、遊ぶ許可をもらう。,さきにべんきょうすることをじょうけんに、あそぶきょかをもらう。
5,任,にん,自分の言葉に責[任]を持とうとする。,じぶんのことばにせきにんをもとうとする。
5,任,まか,そうじ当番なのに人[任]せにしないでよ。,そうじとうばんなのにひとまかせにしないでよ。
5,似,に,兄だと思ったが、[似]ている別の人だった。,あにだとおもったが、にているべつのひとだった。
5,余,あま,[余]った野菜や肉をまとめてなべに入れる。,あまったやさいやにくをまとめてなべにいれる。
5,余,あま,勉強の成果を[余]すところなくテストで発揮する。,べんきょうのせいかをあますところなくテストではっきする。
5,余,よ,ヘビの絵に[余]計な足を書き足してしまう。,ヘビのえによけいなあしをかきたしてしまう。
5,価,か,おかしが安[価]で売られている。,おかしがあんかでうられている。
5,保,たも,清潔感を常に[保]つ。,せいけつかんをつねにたもつ。
5,保,ほ,三時間かけて作ったデータを[保]存し忘れてしまう。,さんじかんかけてつくったデータをほぞんしわすれてしまう。
5,修,おさ,大学で生物学を[修]めた。,だいがくでせいぶつがくをおさめた。
5,修,しゅう,書きまちがえたところを[修]正液で直す。,かきまちがえたところをしゅうせいえきでなおす。
5,個,こ,わたしのクラスには[個]性的な人がたくさんいる。,わたしのクラスにはこせいてきなひとがたくさんいる。
5,停,てい,[停]留所でバスが来るのを待つ。,ていりゅうじょでバスがくるのをまつ。
5,備,そな,もしもの時のために、いろいろと[備]える。,もしものときのために、いろいろとそなえる。
5,備,び,予[備]のティッシュをたなにしまう。,よびのティッシュをたなにしまう。
5,像,ぞう,ぼくの学校には二宮金次郎の銅[像]がある。,ぼくのがっこうにはにのみやきんじろうのどうぞうがある。
5,再,さ,[再]来週のコンサートが今から楽しみだ。,さらいしゅうのコンサートがいまからたのしみだ。
5,再,さい,昔の友だちと久しぶりに[再]会する。,むかしのともだちとひさしぶりにさいかいする。
5,再,ふたた,前にも買ったおかしを[再]び買う。,まえにもかったおかしをふたたびかう。
5,刊,かん,週[刊]誌を買って読む。,しゅうかんしをかってよむ。
5,判,はん,素早く[判]断して指示を出す。,すばやくはんだんしてしじをだす。
5,判,ばん,このお店は評[判]がとても良いんだよ。,このおみせはひょうばんがとてもよいんだよ。
5,制,せい,遊ぶ時間に[制]約をかけられる。,あそぶじかんにせいやくをかけられる。
5,則,そく,校[則]を守って生活するよう心がける。,こうそくをまもってせいかつするようこころがける。
5,効,き,薬がよく[効]いてすぐ元気になった。,くすりがよくきいてすぐげんきになった。
5,効,こう,[効]率よく動いて、仕事を終わらせた。,こうりつよくうごいて、しごとをおわらせた。
5,務,つと,今年から放送委員長を[務]めることになった。,ことしからほうそういいんちょうをつとめることになった。
5,務,む,スパイへ、暗号で任[務]が伝えられる。,スパイへ、あんごうでにんむがつたえられる。
5,勢,いきお,[勢]いよく海に飛びこむ。,いきおいよくうみにとびこむ。
5,勢,せい,来年の運[勢]をうらなってもらう。,らいねんのうんせいをうらなってもらう。
5,厚,あつ,分[厚]い本を一週間かけて読んだ。,ぶあついほんをいちしゅうかんかけてよんだ。
5,句,く,国語の宿題で俳[句]を考える。,こくごのしゅくだいではいくをかんがえる。
5,可,か,一分で日本からアメリカに行くなんて不[可]能だ。,いちふんでにっぽんからアメリカにいくなんてふかのうだ。
5,史,し,父から借りた歴[史]小説を読む。,ちちからかりたれきししょうせつをよむ。
5,告,こく,ずっと好きだった人に[告]白する。,ずっとすきだったひとにこくはくする。
5,告,つ,だれかの[告]げ口で秘密がバレてしまった。,だれかのつげぐちでひみつがバレてしまった。
5,喜,き,宝くじが当たって[喜]色満面の笑みをうかべる。,たからくじがあたってきしょくまんめんのえみをうかべる。
5,喜,よろこ,友達から誕生日プレゼントをもらって[喜]ぶ。,ともだちからたんじょうびプレゼントをもらってよろこぶ。
5,営,いとな,松本さんのお父さんは、ケーキ屋さんを[営]んでいる。,まつもとさんのおとうさんは、ケーキやさんをいとなんでいる。
5,営,えい,大体のコンビニは二十四時間[営]業だ。,だいたいのコンビニはにじゅうよんじかんえいぎょうだ。
5,因,いん,今日ねぼうした原[因]は、昨日の夜ふかしだろう。,きょうねぼうしたげんいんは、きのうのよふかしだろう。
5,団,だん,古い[団]地が建て直されてきれいになった。,ふるいだんちがたてなおされてきれいになった。
5,囲,い,広いはん[囲]の中で、迷子の犬を探す。,ひろいはんいのなかで、まいごのいぬをさがす。
5,囲,かこ,犬をみんなで取り[囲]んでなでる。,いぬをみんなでとりかこんでなでる。
5,圧,あつ,田村くんは、低気[圧]の日は頭が痛くなる。,たむらくんは、ていきあつのひはあたまがいたくなる。
5,在,あ,お宝の[在]りかを聞き出す。,おたからのありかをききだす。
5,在,ざい,かれはＵＦＯの存[在]を信じている。,かれはゆーふぉーのそんざいをしんじている。
5,均,きん,給食を[均]等に盛り付ける。,きゅうしょくをきんとうにもりつける。
5,型,かた,[型]にはまらない意外な発想をする。,かたにはまらないいがいなはっそうをする。
5,型,けい,博物館に大きな飛行機の模[型]がかざられている。,はくぶつかんにおおきなひこうきのもけいがかざられている。
5,基,き,[基]本をしっかり勉強して応用問題を解く。,きほんをしっかりべんきょうしておうようもんだいをとく。
5,堂,どう,いつも、お昼の食[堂]は混んでいる。,いつも、おひるのしょくどうはこんでいる。
5,報,ほう,ニュースの放送中に速[報]が届く。,ニュースのほうそうちゅうにそくほうがとどく。
5,境,きょう,かん[境]問題を解決する方法を考える。,かんきょうもんだいをかいけつするほうほうをかんがえる。
5,境,さかい,[境]目に線を引いてわかりやすくする。,さかいめにせんをひいてわかりやすくする。
5,墓,はか,この[墓]場はすぐとなりにお寺がある。,このはかばはすぐとなりにおてらがある。
5,墓,ぼ,祖父の[墓]前に花を供える。,そふのぼぜんにはなをそなえる。
5,増,ぞう,冬はかぜをひく人が[増]加する。,ふゆはかぜをひくひとがぞうかする。
5,増,ふ,学校の図書室に新しい本が[増]える。,がっこうのとしょしつにあたらしいほんがふえる。
5,増,ま,夏が近づいてだんだん暑さが[増]してくる。,なつがちかづいてだんだんあつさがましてくる。
5,士,し,武[士]に二言はない。うそはつかないよ。,ぶしににごんはない。うそはつかないよ。
5,夢,む,悪[夢]を見て、朝から最悪の気分だ。,あくむをみて、あさからさいあくのきぶんだ。
5,夢,ゆめ,昔から、ごうか客船での世界一周旅行を[夢]見ている。,むかしから、ごうかきゃくせんでのせかいいちしゅうりょこうをゆめみている。
5,妻,さい,あの夫[妻]はとても仲がいいことで有名だ。,あのふさいはとてもなかがいいことでゆうめいだ。
5,婦,ふ,家政[婦]さんにそうじをたのむ。,かせいふさんにそうじをたのむ。
5,容,よう,美[容]室でかみの毛を切ってもらう。,びようしつでかみのけをきってもらう。
5,寄,き,魚をしっかり焼いて[寄]生虫の対策をする。,さかなをしっかりやいてきせいちゅうのたいさくをする。
5,寄,よ,[寄]り道せずにまっすぐ家に帰る。,よりみちせずにまっすぐいえにかえる。
5,導,みちび,様々なヒントから答えを[導]き出す。,さまざまなヒントからこたえをみちびきだす。
5,居,い,[居]間でこたつに入ってダラダラする。,いまでこたつにはいってダラダラする。
5,居,きょ,一人暮らしのための新[居]を探す。,ひとりぐらしのためのしんきょをさがす。
5,属,ぞく,金[属]は電気を通しやすい。,きんぞくはでんきをとおしやすい。
5,布,ぬの,さいほうに使う[布]を買いに行く。,さいほうにつかうぬのをかいにいく。
5,布,ふ,落ちていたさい[布]を交番に届ける。,おちていたさいふをこうばんにとどける。
5,師,し,医[師]から病気の説明をしてもらう。,いしからびょうきのせつめいをしてもらう。
5,常,じょう,とつぜん非[常]ベルが鳴っておどろく。,とつぜんひじょうべるがなっておどろく。
5,常,つね,[常]日ごろからものを大切にする。,つねひごろからものをたいせつにする。
5,幹,かん,修学旅行で、新[幹]線に乗って東京に行く。,しゅうがくりょこうで、しんかんせんにのってとうきょうにいく。
5,幹,みき,木の[幹]にもたれかかって少し休む。,きのみきにもたれかかってすこしやすむ。
5,序,じょ,学芸会で発表する順[序]が決まる。,がくげいかいではっぴょうするじゅんじょがきまる。
5,弁,べん,[弁]護士と検事が法ていで争う。,べんごしとけんじがほうていであらそう。
5,張,ちょう,父が出[張]で二日の間、いなくなる。,ちちがしゅっちょうでふたかのあいだ、いなくなる。
5,張,は,妹は、おばけはいると言い[張]っている。,いもうとは、おばけはいるといいはっている。
5,往,おう,行きと帰りで、家と学校を[往]復する。,いきとかえりで、いえとがっこうをおうふくする。
5,得,え,本を売ることでお金を[得]る。,ほんをうることでおかねをえる。
5,得,とく,ポイントカードを今作るとお[得]ですよ。,ポイントカードをいまつくるとおとくですよ。
5,復,ふく,職員室と教室を何度も往[復]する。,しょくいんしつときょうしつをなんどもおうふくする。
5,志,こころざ,入院したのをきっかけに医者を[志]す。,にゅういんしたのをきっかけにいしゃをこころざす。
5,志,こころざし,高い[志]を持って勉強に取り組む。,たかいこころざしをもってべんきょうにとりくむ。
5,志,し,強い意[志]で最後までやり通す。,つよいいしでさいごまでやりとおす。
5,応,おう,テストの[応]用問題で答えをまちがえた。,テストのおうようもんだいでこたえをまちがえた。
5,応,こた,あっちで手をふっている友達に、こっちも手をふって[応]える。,あっちでてをふっているともだちに、こっちもてをふってこたえる。
5,快,かい,エアコンで部屋を[快]適な温度にする。,エアコンでへやをかいてきなおんどにする。
5,性,せい,個[性]的な作品を作り上げる。,こせいてきなさくひんをつくりあげる。
5,情,じょう,私とかれの間には固い友[情]がある。,わたくしとかれのあいだにはかたいゆうじょうがある。
5,情,なさ,佐藤くんは[情]け深い性格だ。,さとうくんはなさけぶかいせいかくだ。
5,態,たい,とんでもない事[態]になってしまった。,とんでもないじたいになってしまった。
5,慣,かん,いつもの習[慣]で、歯みがきして顔を洗う。,いつものしゅうかんで、はみがきしてかおをあらう。
5,慣,な,新しい学年に[慣]れてきん張しなくなる。,あたらしいがくねんになれてきんばりしなくなる。
5,技,ぎ,素晴らしい演[技]で人々を感動させる。,すばらしいえんぎでひとびとをかんどうさせる。
5,招,まね,先生が生徒を手[招]きして呼ぶ。,せんせいがせいとをてまねきしてよぶ。
5,授,じ,[授]業の最後までやる気が持続しない。,じゅぎょうのさいごまでやるきがじぞくしない。
5,授,じゅ,暗記のコツを伝[授]してもらう。,あんきのコツをでんじゅしてもらう。
5,採,さい,先生が算数プリントを[採]点する。,せんせいがさんすうプリントをさいてんする。
5,採,と,農園でいちごを[採]って集める。,のうえんでいちごをとってあつめる。
5,接,せつ,アルバイトの面[接]を受ける。,アルバイトのめんせつをうける。
5,提,てい,その[提]案を受け入れることはできない。,そのていあんをうけいれることはできない。
5,損,そん,セールのことを知らず、[損]してしまった。,セールのことをしらず、そんしてしまった。
5,支,ささ,たのまれてキャタツを[支]える。,たのまれてキャタツをささえる。
5,支,し,ま王によって世界が[支]配される。,まおうによってせかいがしはいされる。
5,政,せい,国民の声を[政]府に伝える。,こくみんのこえをせいふにつたえる。
5,故,こ,パソコンが[故]障したので修理してもらった。,パソコンがこしょうしたのでしゅうりしてもらった。
5,救,きゅう,立てこもり犯から人質を[救]出する。,たてこもりはんからひとじちをきゅうしゅつする。
5,救,すく,努力を認めてもらえて、[救]われた気持ちになる。,どりょくをみとめてもらえて、すくわれたきもちになる。
5,断,ことわ,いそがしかったので、テレビの取材を[断]った。,いそがしかったので、テレビのしゅざいをことわった。
5,断,だん,探ていは、かの女が犯人だと[断]言した。,もとむていは、かのおんながはんにんだとだんげんした。
5,旧,きゅう,停電してからすぐ次の日に復[旧]した。,ていでんしてからすぐつぎのひにふっきゅうした。
5,易,い,安[易]な選たくをして、後かいする。,あんいなせんたくをして、こうかいする。
5,易,えき,日本は色んな国と貿[易]をしている。,にっぽんはいろんなくにとぼうえきをしている。
5,易,やさ,テストの中に[易]しい問題が混ざっていた。,テストのなかにやさしいもんだいがまざっていた。
5,暴,あば,ネコがつめ切りのとちゅうで[暴]れ出す。,ネコがつめきりのとちゅうであばれだす。
5,暴,ぼう,きょう[暴]なライオンをおりに閉じ込める。,きょうぼうなライオンをおりにとじこめる。
5,条,じょう,日本は様々な国と[条]約を結んでいる。,にっぽんはさまざまなくにとじょうやくをむすんでいる。
5,枝,えだ,落ちている[枝]を集めてたき火をする。,おちているえだをあつめてたきびをする。
5,査,さ,好きな食べ物をアンケートで調[査]する。,すきなたべものをアンケートでちょうさする。
5,格,かく,性[格]しん断テストで、みんなで盛り上がる。,せいかくしんだんテストで、みんなでもりあがる。
5,桜,さくら,去年の春は、[桜]の木の下でお花見をした。,きょねんのはるは、さくらのきのもとでおはなみをした。
5,検,けん,空港で手荷物[検]査を受ける。,くうこうでてにもつけんさをうける。
5,構,かま,竹刀を[構]えて試合開始の合図を待つ。,しないをかまえてしあいかいしのあいずをまつ。
5,構,こう,全体の[構]成を考えてから作文を書き始める。,ぜんたいのこうせいをかんがえてからさくぶんをかきはじめる。
5,武,ぶ,戦国[武]将たちの名前を暗記した。,せんごくぶしょうたちのなまえをあんきした。
5,武,む,強敵があらわれ、[武]者ぶるいする。,きょうてきがあらわれ、むしゃぶるいする。
5,歴,れき,長い[歴]史のある寺院をおとずれる。,ながいれきしのあるじいんをおとずれる。
5,殺,ころ,部屋に入ってきた虫は[殺]さず外ににがしている。,へやにはいってきたむしはころさずそとににがしている。
5,殺,さつ,必[殺]わざで敵をみんなやっつけた。,ひっさつわざでてきをみんなやっつけた。
5,毒,どく,お店に入る前に手を消[毒]する。,おみせにはいるまえにてをしょうどくする。
5,比,くら,二つのメロンを[比]べて、重い方を買っていく。,ふたつのメロンをくらべて、おもいほうをかっていく。
5,比,ひ,カレーに入れるスパイスの[比]率を変える。,カレーにいれるスパイスのひりつをかえる。
5,永,えい,全部の歯が、[永]久歯に生えかわった。,ぜんぶのはが、えいきゅうしにはえかわった。
5,永,なが,オニをたおして、ももたろうたちは末[永]く幸せに暮らした。,オニをたおして、ももたろうたちはすえながくしあわせにくらした。
5,河,か,[河]口の近くではめずらしい魚がつれる。,かこうのちかくではめずらしいさかながつれる。
5,河,かわ,今日は天気がいいから、遠くの[河]までつりに行こう。,きょうはてんきがいいから、とおくのかわまでつりにいこう。
5,液,えき,森の木の樹[液]に、たくさんの虫が集まる。,もりのきのじゅえきに、たくさんのむしがあつまる。
5,混,こ,朝と夕方の電車は[混]んでいる。,あさとゆうがたのでんしゃはこんでいる。
5,混,こん,案内図が分かりづらくて[混]乱した。,あんないずがわかりづらくてこんらんした。
5,混,ま,生クリームに砂糖も[混]ぜてあわ立てる。,なまくりーむにさとうもまぜてあわだてる。
5,減,げん,親せきの子とのバスケ勝負で手加[減]する。,しんせきのことのバスケしょうぶでてかげんする。
5,減,へ,何回も確認して忘れ物を[減]らす。,なんかいもかくにんしてわすれものをへらす。
5,測,そく,身長[測]定の結果を比べ合う。,しんちょうそくていのけっかをくらべあう。
5,測,はか,天びんで水の重量を[測]る。,てんびんでみずのじゅうりょうをはかる。
5,準,じゅん,災害が起こったときに備えて[準]備しておく。,さいがいがおこったときにそなえてじゅんびしておく。
5,演,えん,来週の[演]奏会のために、必死で練習する。,らいしゅうのえんそうかいのために、ひっしでれんしゅうする。
5,潔,けつ,こまめにそうじをして清[潔]にする。,こまめにそうじをしてせいけつにする。
5,災,さい,この学校では毎年、防[災]訓練が行われる。,このがっこうではまいとし、ぼうさいくんれんがおこなわれる。
5,燃,ねん,[燃]料切れでバイクが動かなくなる。,ねんりょうきれでバイクがうごかなくなる。
5,燃,も,明日は[燃]えるゴミの日だね。,あすはもえるゴミのひだね。
5,版,はん,[版]画をほるとちゅうで指先をけがした。,はんがをほるとちゅうでゆびさきをけがした。
5,犯,はん,店にある防[犯]カメラの点検をする。,みせにあるぼうはんカメラのてんけんをする。
5,状,じょう,シャーベットがとけて液[状]になる。,シャーベットがとけてえきじょうになる。
5,独,どく,けっこんして、[独]身でなくなる。,けっこんして、どくしんでなくなる。
5,独,ひと,薬ざい師が[独]り言をつぶやく。,くすりざいしがひとりごとをつぶやく。
5,率,ひき,将軍が大勢の軍隊を[率]いる。,しょうぐんがおおぜいのぐんたいをひきいる。
5,率,りつ,百分[率]の計算を覚える。,ひゃくぶんりつのけいさんをおぼえる。
5,現,あらわ,草むらからいきなり犬が[現]れる。,くさむらからいきなりいぬがあらわれる。
5,現,げん,目的地と[現]在地をナビに入力する。,もくてきちとげんざいちをナビににゅうりょくする。
5,留,と,シャチが大口を開けて、えものを仕[留]める。,シャチがおおぐちをあけて、えものをしとめる。
5,留,りゅう,海水を蒸[留]して安全に飲む。,かいすいをじょうりゅうしてあんぜんにのむ。
5,留,る,今、親は二人とも[留]守にしています。,いま、おやはふたりともるすにしています。
5,略,りゃく,本名を[略]したニックネームで呼び合う。,ほんみょうをりゃくしたニックネームでよびあう。
5,益,えき,ものを売って得た利[益]で生活する。,ものをうってえたりえきでせいかつする。
5,眼,がん,[眼]科で視力検査をしてもらった。,がんかでしりょくけんさをしてもらった。
5,破,は,難しい漢字だらけの本を読[破]した。,むずかしいかんじだらけのほんをどくはした。
5,破,やぶ,型[破]りなやり方に文句を言われた。,かたやぶりなやりかたにもんくをいわれた。
5,確,かく,宝くじが当たる[確]率ってどれくらいだろう。,たからくじがあたるかくりつってどれくらいだろう。
5,確,たし,答えをまちがえてないか[確]かめる。,こたえをまちがえてないかたしかめる。
5,示,しめ,定期券を[示]して改札を通る。,ていきけんをしめしてかいさつをとおる。
5,示,じ,画面に目的地までの道順が表[示]される。,がめんにもくてきちまでのみちじゅんがひょうじされる。
5,祖,そ,[祖]父あてにメールを送る。,そふあてにメールをおくる。
5,禁,きん,ゲームのやりすぎで母に[禁]止されてしまった。,ゲームのやりすぎでははにきんしされてしまった。
5,移,い,教室から理科室へ[移]動する。,きょうしつからりかしつへいどうする。
5,移,うつ,アサガオの植木ばちを、げん関前から庭に[移]す。,アサガオのうえきばちを、げんせきぜんからにわにうつす。
5,程,てい,かれの演奏は音[程]がずれまくっている。,かれのえんそうはおんていがずれまくっている。
5,税,ぜい,国民は国に対して納[税]する義務がある。,こくみんはくににたいしてのうぜいするぎむがある。
5,築,きず,相手と強い信らい関係を[築]く。,あいてとつよいしんらいかんけいをきずく。
5,築,ちく,古くなった家を改[築]する。,ふるくなったいえをかいちくする。
5,粉,こ,おもちには何をつけるのが好き？私はきな[粉]。,おもちにはなんをつけるのがすき?きごうきごうきごうきごうきごうきごうきごうきごうきごうきごうきごうきごうきごうきごうきごうきごうきごうきごうきごうきごうきごうきごうきごうきごうきごうきごうきごうきごうきごうきごうきごうきごうきごうきごうきごうきごうきごうきごうきごうきごうきごうきごうきごうきごうきごうきごうきごうきごうきごうきごうきごうきごうきごうきごうきごうきごうきごうきごうきごうきごうきごうきごうきごうきごうわたくしはきなこ。
5,粉,こな,[粉]薬を飲もうとしてせきこんでしまう。,こなぐすりをのもうとしてせきこんでしまう。
5,粉,ふん,花[粉]しょうでくしゃみが止まらなくなる。,かふんしょうでくしゃみがとまらなくなる。
5,精,せい,[精]密機械の組み立てをロボットに任せる。,せいみつきかいのくみたてをロボットにまかせる。
5,紀,き,風[紀]委員会が学生の服装を取りしまる。,ふうきいいんかいががくせいのふくそうをとりしまる。
5,素,そ,高級な[素]材を使った商品が売られる。,こうきゅうなそざいをつかったしょうひんがうられる。
5,経,けい,イライラして神[経]質になってしまう。,イライラしてしんけいしつになってしまう。
5,経,へ,いろいろな場所を[経]て荷物が自宅に届く。,いろいろなばしょをへてにもつがじたくにとどく。
5,統,とう,豊臣秀吉は天下[統]一をした人物だ。,とよとみひでよしはてんかとういつをしたじんぶつだ。
5,絶,ぜつ,ゆうれいを見て気[絶]してしまった。,ゆうれいをみてきぜつしてしまった。
5,絶,た,かれはいつも笑顔を[絶]やさない。,かれはいつもえがおをたやさない。
5,綿,めん,役者との打ち合わせを[綿]密に行う。,やくしゃとのうちあわせをめんみつにおこなう。
5,綿,わた,ぬいぐるみの中に[綿]をつめる。,ぬいぐるみのなかにわたをつめる。
5,総,そう,漢字辞典のさく引で[総]画数から漢字を探す。,かんじじてんのさくひきでそうかくすうからかんじをさがす。
5,編,あ,お地蔵さんの頭に[編]みがさをかぶせる。,おじぞうさんのあたまにあみがさをかぶせる。
5,編,へん,パレードの音楽隊を[編]成する。,パレードのおんがくたいをへんせいする。
5,績,せき,先生から成[績]表をわたされる。,せんせいからせいせきひょうをわたされる。
5,織,お,[織]りひめとひこ星は年に一度しか会えない。,おりひめとひこぼしはねんにいちどしかあえない。
5,織,しき,悪の組[織]にせんにゅうする。,あくのそしきにせんにゅうする。
5,罪,ざい,会社のミスについて社長が謝[罪]する。,かいしゃのミスについてしゃちょうがしゃざいする。
5,罪,つみ,とても重い[罪]をおかしてしまう。,とてもおもいつみをおかしてしまう。
5,義,ぎ,中学校までは[義]務教育だ。,ちゅうがっこうまではぎむきょういくだ。
5,耕,こう,あれた土地を整備して[耕]地にする。,あれたとちをせいびしてこうちにする。
5,耕,たがや,小さな畑をクワで[耕]す。,ちいさなはたけをクワでたがやす。
5,職,しょく,[職]人のたくみなわざを見学する。,しょくにんのたくみなわざをけんがくする。
5,肥,こ,よく[肥]えた、まるまるとしたブタがいる。,よくこえた、まるまるとしたブタがいる。
5,肥,こえ,畑の横にある[肥]だめに落ちそうになる。,はたけのよこにあるこえだめにおちそうになる。
5,肥,ひ,ホームセンターで[肥]料を買う。,ホームセンターでひりょうをかう。
5,能,のう,機械の説明書を読んで、機[能]を確にんする。,きかいのせつめいしょをよんで、きのうをかくにんする。
5,脈,みゃく,この町は周りが山[脈]で囲まれている。,このまちはまわりがさんみゃくでかこまれている。
5,興,きょう,ペンギンの暮らし方について[興]味を持つ。,ペンギンのくらしかたについてきょうみをもつ。
5,興,こう,映画の派手なアクションに[興]奮する。,えいがのはでなアクションにこうふんする。
5,舎,しゃ,校[舎]の中に忘れ物をする。,こうしゃのなかにわすれものをする。
5,航,こう,船が汽笛を鳴らして出[航]する。,ふねがきてきをならしてしゅっこうする。
5,術,じゅつ,芸[術]作品をじっくりとかんしょうする。,げいじゅつさくひんをじっくりとかんしょうする。
5,衛,えい,人工[衛]星の打ち上げに成功する。,じんこうえいせいのうちあげにせいこうする。
5,製,せい,特[製]のクリスマスケーキを作った。,とくせいのクリスマスケーキをつくった。
5,複,ふく,トンボの目を観察すると、[複]眼なのがわかった。,トンボのめをかんさつすると、ふくがんなのがわかった。
5,規,き,決められた[規]則に従って行動する。,きめられたきそくにしたがってこうどうする。
5,解,かい,アイドルグループが[解]散して兄が落ち込んでいる。,アイドルグループがかいさんしてあにがおちこんでいる。
5,解,と,二人ともゲームが好きと分かってから一気に打ち[解]けた。,ふたりともゲームがすきとわかってからいっきにうちとけた。
5,設,せつ,町に新しくスーパーが建[設]される。,まちにあたらしくスーパーがけんせつされる。
5,設,もう,犯人をつかまえるため、道路に検問所を[設]ける。,はんにんをつかまえるため、どうろにけんもんしょをもうける。
5,許,きょ,放課後に学校でケーキを作る[許]可をもらう。,ほうかごにがっこうでケーキをつくるきょかをもらう。
5,証,しょう,理論が正しいことを実験で[証]明する。,りろんがただしいことをじっけんでしょうめいする。
5,評,ひょう,自分の絵に対する他の人の[評]価が気になる。,じぶんのえにたいするほかのひとのひょうかがきになる。
5,講,こう,車のめん許を取るために[講]習を受ける。,くるまのめんもとをとるためにこうしゅうをうける。
5,謝,しゃ,仕事のミスを[謝]罪する。,しごとのミスをしゃざいする。
5,識,しき,本を読んでいろいろな知[識]を身につける。,ほんをよんでいろいろなちしきをみにつける。
5,護,ご,母の友達には弁[護]士がいる。,ははのともだちにはべんごしがいる。
5,豊,ほう,今年の[豊]作を神に感謝して、祭りを行う。,ことしのほうさくをかみにかんしゃして、まつりをおこなう。
5,豊,ゆた,平和で心[豊]かな暮らしをする。,へいわでこころゆたかなくらしをする。
5,象,しょう,気[象]情報をもとにして天気を予測する。,きしょうじょうほうをもとにしててんきをよそくする。
5,象,ぞう,[象]が鼻でリンゴをつかんで食べた。,ぞうがはなでリンゴをつかんでたべた。
5,財,ざい,貴重な[財]産を金庫の中に入れておく。,きちょうなざいさんをきんこのなかにいれておく。
5,貧,びん,[貧]ぼう神にとりつかれてしまう。,びんぼうがみにとりつかれてしまう。
5,貧,まず,[貧]しい人同士で助け合う。,まずしいひとどうしでたすけあう。
5,責,せ,そんなに人の失敗を[責]めるのはやめようよ。,そんなにひとのしっぱいをせめるのはやめようよ。
5,責,せき,[責]任の重い仕事を引き受ける。,せきにんのおもいしごとをひきうける。
5,貯,ちょ,もしものときに備えて[貯]金する。,もしものときにそなえてちょきんする。
5,貸,か,お店を[貸]し切ってパーティーをする。,おみせをかしきってパーティーをする。
5,費,ひ,冬は灯油の消[費]が多くなる。,ふゆはとうゆのしょうひがおおくなる。
5,貿,ぼう,かつては長崎の出島で[貿]易が行われていた。,かつてはながさきのでじまでぼうえきがおこなわれていた。
5,資,し,会議で使う[資]料を人数分コピーする。,かいぎでつかうしりょうをにんずうぶんコピーする。
5,賛,さん,先生へのプレゼント計画に[賛]成する。,せんせいへのプレゼントけいかくにさんせいする。
5,賞,しょう,ビンゴ大会で[賞]品をもらう。,ビンゴたいかいでしょうひんをもらう。
5,質,しつ,授業の後、先生に[質]問しに行く。,じゅぎょうのあと、せんせいにしつもんしにいく。
5,輸,ゆ,大けがをしたかん者に[輸]血を行う。,だいけがをしたかんしゃにゆけつをおこなう。
5,述,じゅつ,国語のテストで作者の気持ちについて記[述]する。,こくごのテストでさくしゃのきもちについてきじゅつする。
5,述,の,相手に対する反論を[述]べる。,あいてにたいするはんろんをのべる。
5,迷,まよ,おばけの館に[迷]いこんでしまう。,おばけのやかたにまよいこんでしまう。
5,逆,ぎゃく,ふざけながらあやまったら[逆]効果だった。,ふざけながらあやまったらぎゃくこうかだった。
5,逆,さか,地図を[逆]さまに読んでいたせいで迷子になった。,ちずをさかさまによんでいたせいでまいごになった。
5,造,ぞう,部屋の窓辺に[造]花をかざる。,へやのまどべにぞうかをかざる。
5,造,つく,大人数のチームで貨物船を[造]る。,おおにんずうのチームでかもつせんをつくる。
5,過,か,オタマジャクシがカエルになるまでの[過]程を観察する。,オタマジャクシがカエルになるまでのかていをかんさつする。
5,適,てき,問題を解決する最[適]な方法を考える。,もんだいをかいけつするさいてきなほうほうをかんがえる。
5,酸,さん,植物は光合成で[酸]素を生み出す。,しょくぶつはひかりごうせいでさんそをうみだす。
5,鉱,こう,この街には昔、[鉱]山があった。,このまちにはむかし、こうざんがあった。
5,銅,どう,十円玉は[銅]から作られている。,じゅうえんたまはどうからつくられている。
5,防,ぼう,あ、[防]火とびらの前にものは置かないで！カギをかけてどろぼうを防ぐ。,あ、ぼうかとびらのまえにものはおかないで!カギをかけてどろぼうをふせぐ。
5,限,かぎ,[限]られた時間でクイズに答える。,かぎられたじかんでクイズにこたえる。
5,限,げん,期間[限]定のおかしをつい買ってしまう。,きかんげんていのおかしをついかってしまう。
5,険,けわ,とても[険]しい山道を歩く。,とてもけわしいさんどうをあるく。
5,険,けん,消防士はかなり危[険]な仕事だ。,しょうぼうしはかなりきけんなしごとだ。
5,際,さい,写真ではなく、実[際]にオーロラを見たことがある。,しゃしんではなく、じっさいにオーロラをみたことがある。
5,雑,ざつ,たまたま会った友達と[雑]談する。,たまたまあったともだちとざつだんする。
5,雑,ぞう,[雑]木林で野鳥を探す。,ぞうきばやしでやちょうをさがす。
5,非,ひ,防災訓練で[非]常ベルが鳴る。,ぼうさいくんれんでひじょうべるがなる。
5,領,りょう,アメリカで大統[領]の選挙が行われる。,アメリカでだいとうりょうのせんきょがおこなわれる。
5,額,がく,もらった賞状を[額]ぶちに入れてかざる。,もらったしょうじょうをがくぶちにいれてかざる。
5,額,ひたい,[額]と額を合わせて熱を測る。,ひたいとひたいをあわせてねつをはかる。
5,飼,か,犬が[飼]い主とはぐれてしまう。,いぬがかいぬしとはぐれてしまう。
5,飼,し,[飼]育員がペンギンにエサをあげている。,しいくいんがペンギンにエサをあげている。
6,並,なみ,イチョウの[並]木道を歩く。,イチョウのなみきみちをあるく。
6,並,なら,本をタイトル順に[並]べてたなにしまう。,ほんをタイトルじゅんにならべてたなにしまう。
6,乱,みだ,テレビの画面が[乱]れて見づらくなる。,テレビのがめんがみだれてみづらくなる。
6,乱,らん,本を[乱]雑に積み上げる。,ほんをらんざつにつみあげる。
6,乳,ちち,牛の[乳]しぼりを体験する。,うしのちちしぼりをたいけんする。
6,乳,にゅう,この農場では[乳]牛が飼育されている。,こののうじょうではにゅうぎゅうがしいくされている。
6,亡,ぼう,医者によって死[亡]が確認される。,いしゃによってしぼうがかくにんされる。
6,仁,じん,[仁]義を大切にし、恩は必ず返す。,じんぎをたいせつにし、おんはかならずかえす。
6,供,きょう,デパートで、けしょう品の試[供]品をもらった。,デパートで、けしょうひんのしきょうひんをもらった。
6,供,そな,お墓の[供]え物をぬすんだらばちが当たるよ。,おはかのそなえものをぬすんだらばちがあたるよ。
6,供,とも,ももたろうのお[供]には、ネコはいない。,ももたろうのおともには、ネコはいない。
6,俵,たわら,昔、[俵]は米や塩などの入れ物に使われた。,むかし、たわらはべいやしおなどのいれものにつかわれた。
6,俵,ひょう,すもうは土[俵]から足が出たら負けだよ。,すもうはどひょうからあしがでたらまけだよ。
6,値,ち,とても価[値]のある経験だった。,とてもかちのあるけいけんだった。
6,値,ね,古い機種のスマホが[値]下げして売られる。,ふるいきしゅのスマホがねさげしてうられる。
6,傷,きず,転んでできた[傷]に消毒液をかける。,ころんでできたきずにしょうどくえきをかける。
6,傷,しょう,自転車にぶつかって軽[傷]をおう。,じてんしゃにぶつかってけいしょうをおう。
6,優,ゆう,おじいさんが電車の[優]先席にすわる。,おじいさんがでんしゃのゆうせんせきにすわる。
6,党,とう,悪[党]のアジトにせんにゅうする。,あくとうのアジトにせんにゅうする。
6,冊,さつ,図書室で本を二[冊]借りる。,としょしつでほんをにさつかりる。
6,処,しょ,[処]方せんを持って薬局に行く。,しょほうせんをもってやっきょくにいく。
6,刻,きざ,目覚まし時計が数分[刻]みで鳴るよう設定する。,めざましどけいがかずふんきざみでなるようせっていする。
6,刻,こく,うで時計で今の時[刻]を確認する。,うでとけいでいまのじこくをかくにんする。
6,割,わ,列に[割]りこんできた人に注意をする。,れつにわりこんできたひとにちゅういをする。
6,割,わり,学芸会での自分の役[割]を果たす。,がくげいかいでのじぶんのやくわりをはたす。
6,創,そう,◯◯社は今年で[創]業から五十周年だ。,きごうきごうしゃはことしでそうぎょうからごじゅうしゅうねんだ。
6,創,つく,あの芸術家はいつも独特な作品を[創]る。,あのげいじゅつかはいつもどくとくなさくひんをつくる。
6,劇,げき,おじいちゃんはいつもテレビで時代[劇]を見ている。,おじいちゃんはいつもテレビでじだいげきをみている。
6,勤,きん,明日は[勤]労感謝の日だから学校は休みだ。,あすはきんろうかんしゃのひだからがっこうはやすみだ。
6,危,あぶ,立入禁止の場所に入って[危]ない目にあう。,たちいりきんしのばしょにはいってあぶないめにあう。
6,危,き,ハチはその[危]険な毒針を武器にしている。,ハチはそのきけんなどくばりをぶきにしている。
6,卵,たまご,朝に[卵]かけご飯を食べる。,あさにたまごかけごはんをたべる。
6,厳,きび,あの先生、[厳]しいから苦手なんだよなあ。,あのせんせい、きびしいからにがてなんだよなあ。
6,厳,げん,授業中のおしゃべりを[厳]禁される。,じゅぎょうちゅうのおしゃべりをげんきんされる。
6,収,おさ,コレクションを専用のたなに[収]める。,コレクションをせんようのたなにおさめる。
6,収,しゅう,本だなに買ってきた本を[収]納する。,ほんだなにかってきたほんをしゅうのうする。
6,后,ごう,ニュースで天皇と皇[后]の映像が流れる。,ニュースでてんのうとこうごうのえいぞうがながれる。
6,否,ひ,試験の合[否]が発表されるのは来月だ。,しけんのごうひがはっぴょうされるのはらいげつだ。
6,吸,きゅう,出番の前に深呼[吸]をして落ち着く。,でばんのまえにしんこきゅうをしておちつく。
6,吸,す,ストローでジュースを[吸]って飲む。,ストローでジュースをすってのむ。
6,呼,こ,何度も深[呼]吸して落ち着こうとする。,なんどもしんこきゅうしておちつこうとする。
6,呼,よ,遠くにいる友達をあだ名で[呼]ぶ。,とおくにいるともだちをあだなでよぶ。
6,善,ぜん,乱れた生活リズムを改[善]する。,みだれたせいかつリズムをかいぜんする。
6,善,よ,[善]い行いをして人からほめられる。,よいおこないをしてひとからほめられる。
6,困,こま,無茶なことを言って他の人を[困]らせてしまう。,むちゃなことをいってほかのひとをこまらせてしまう。
6,困,こん,[困]難な問題を必死になって解決した。,こんなんなもんだいをひっしになってかいけつした。
6,垂,すい,分度器と定規を使って[垂]直な線を引く。,ぶんどきとじょうぎをつかってすいちょくなせんをひく。
6,垂,た,とんかつにソースを[垂]らす。,とんかつにソースをたらす。
6,域,いき,日のしずむ時間は、地[域]ごとにちがう。,ひのしずむじかんは、ちいきごとにちがう。
6,奏,そう,演[奏]会のチケットを買う。,えんそうかいのチケットをかう。
6,奮,ふる,大会を開きます。みな様、[奮]ってご参加ください！,たいかいをひらきます。みなさま、ふるってごさんかください!
6,奮,ふん,クラスメイトの応えんで[奮]起する。,クラスメイトのおうえんでふんきする。
6,姿,し,[姿]勢の悪いすわり方を注意される。,しせいのわるいすわりかたをちゅういされる。
6,姿,すがた,事件の真犯人が[姿]を現す。,じけんのしんはんにんがすがたをあらわす。
6,存,そん,この世には様々な生き物が[存]在する。,このよにはさまざまないきものがそんざいする。
6,存,ぞん,遊園地を思う[存]分に楽しむ。,ゆうえんちをおもうぞんぶんにたのしむ。
6,孝,こう,母のかたをもんで親[孝]行する。,ははのかたをもんでおやこうこうする。
6,宅,たく,バスがおくれて、帰[宅]がおそくなった。,バスがおくれて、きたくがおそくなった。
6,宇,う,ある日、いきなり[宇]宙人がやってきた。,あるひ、いきなりうちゅうにんがやってきた。
6,宗,しゅう,ぼくはどの[宗]教にも入っていない。,ぼくはどのしゅうきょうにもはいっていない。
6,宙,ちゅう,宇[宙]人からメッセージが届いた。,うちゅうにんからメッセージがとどいた。
6,宝,たから,海ぞくが残したなぞを解いて[宝]を探す。,かいぞくがのこしたなぞをといてたからをさがす。
6,宝,ほう,奈良県にある東大寺は国[宝]に指定されている。,ならけんにあるとうだいじはこくほうにしていされている。
6,宣,せん,テレビで商品を[宣]伝する。,テレビでしょうひんをせんでんする。
6,密,みつ,秘[密]のレシピで究極のカレーを作る。,ひみつのレシピできゅうきょくのカレーをつくる。
6,寸,すん,ちこく[寸]前の時間に会議室に入る。,ちこくすんぜんのじかんにかいぎしつにはいる。
6,専,せん,おふろ[専]用の洗ざいを買う。,おふろせんようのせんざいをかう。
6,射,い,的の真ん中をねらって矢を[射]る。,まとのまんなかをねらってやをいる。
6,射,しゃ,小さい子が注[射]をいやがって泣く。,ちいさいこがちゅうしゃをいやがってなく。
6,将,しょう,戦国時代には様々な武[将]が現れた。,せんごくじだいにはさまざまなぶしょうがあらわれた。
6,尊,そん,相手の価値観を[尊]重する。,あいてのかちかんをそんちょうする。
6,就,しゅう,☆ ○ 建設会社に[就]職する。,きごうきごうきごうきごうけんせつかいしゃにしゅうしょくする。
6,尺,しゃく,地図の縮[尺]を読みまちがえる。,ちずのしゅくしゃくをよみまちがえる。
6,届,とど,建物のすみずみまでそうじが行き[届]いている。,たてもののすみずみまでそうじがいきとどいている。
6,届,とど,落とし物を交番まで[届]ける。,おとしものをこうばんまでとどける。
6,展,てん,[展]覧会に自分の絵を出展する。,てんらんかいにじぶんのえをしゅってんする。
6,層,そう,このビルは階[層]ごとにちがう店が入っている。,このビルはかいそうごとにちがうみせがはいっている。
6,己,こ,自[己]分せきをして長所と短所を整理する。,じこぶんせきをしてちょうしょとたんしょをせいりする。
6,巻,かん,映画を見た。圧[巻]のはく力だったよ。,えいがをみた。あっかんのはくりょくだったよ。
6,巻,ま,にん者に大切な[巻]き物をぬすまれた。,にんじゃにたいせつなまきものをぬすまれた。
6,巻,まき,赤[巻]紙・青巻紙・黄巻紙！,あかまきがみ・あおまきがみ・きまきがみ!
6,幕,ばく,新選組が活やくしたのは[幕]末のころだ。,しんせんぐみがかつやくしたのはばくまつのころだ。
6,幕,まく,劇が終わったあと、[幕]を下ろす。,げきがおわったあと、まくをおろす。
6,干,かん,[干]潮になった砂はまで貝を集める。,かんちょうになったすなはまでかいをあつめる。
6,干,ほ,天気がいいので外に洗たく物を[干]した。,てんきがいいのでそとにせんたくぶつをほした。
6,幼,おさな,[幼]いころのことが少しずつ思い出せなくなる。,おさないころのことがすこしずつおもいだせなくなる。
6,幼,よう,[幼]虫に、エサとしてキャベツの葉をあたえる。,ようちゅうに、エサとしてキャベツのはをあたえる。
6,庁,ちょう,東京都[庁]舎の前で写真をとる。,とうきょうとちょうしゃのまえでしゃしんをとる。
6,座,ざ,冬の夜空でオリオン[座]を探す。,ふゆのよぞらでおりおんざをさがす。
6,延,えん,雨が降ったせいで、今日の運動会は[延]期になった。,あめがふったせいで、きょうのうんどうかいはえんきになった。
6,延,の,冬休みの宿題を先[延]ばしにしていたら、最終日はすごく大変だった。,ふゆやすみのしゅくだいをさきのばしにしていたら、さいしゅうびはすごくたいへんだった。
6,律,りつ,法[律]を勉強して弁護士になる。,ほうりつをべんきょうしてべんごしになる。
6,従,したが,しつけで犬が命令に[従]うようになる。,しつけでいぬがめいれいにしたがうようになる。
6,従,じゅう,お店の[従]業員に声をかける。,おみせのじゅうぎょういんにこえをかける。
6,忘,わす,ぼくは[忘]れっぽいからメモをしているんだ。,ぼくはわすれっぽいからメモをしているんだ。
6,忠,ちゅう,親の[忠]告にしたがう。,おやのちゅうこくにしたがう。
6,恩,おん,困っていたときに助けてもらった[恩]を返す。,こまっていたときにたすけてもらったおんをかえす。
6,憲,けん,日本国[憲]法の三大原則を暗記する。,にっぽんこくけんぽうのさんだいげんそくをあんきする。
6,我,われ,[我]を忘れてゲームに夢中になる。,われをわすれてゲームにむちゅうになる。
6,批,ひ,スキャンダルで政治家が[批]判される。,スキャンダルでせいじかがひはんされる。
6,承,しょう,上司の[承]認をもらうために書類を提出する。,じょうしのしょうにんをもらうためにしょるいをていしゅつする。
6,担,たん,[担]任の先生に大事なプリントをわたす。,たんにんのせんせいにだいじなプリントをわたす。
6,拝,おが,お地蔵さんに手を合わせて[拝]む。,おじぞうさんにてをあわせておがむ。
6,拝,はい,上司からペンを[拝]借する。,じょうしからペンをはいしゃくする。
6,拡,かく,くしゃみでウイルスが空気中に[拡]散する。,くしゃみでウイルスがくうきちゅうにかくさんする。
6,捨,しゃ,十の位で四[捨]五入したときの数を答える。,じゅうのくらいでししゃごにゅうしたときのかずをこたえる。
6,捨,す,コンビニで使い[捨]てのはしをもらう。,コンビニでつかいすてのはしをもらう。
6,探,さが,図書館で星についての本を[探]す。,としょかんでほしについてのほんをさがす。
6,探,たん,[探]ていに事件の解決をいらいする。,たんていにじけんのかいけつをいらいする。
6,推,すい,過去のデータから実験の結果を[推]測する。,かこのデータからじっけんのけっかをすいそくする。
6,揮,き,学芸会の合奏で指[揮]者をやったことがある。,がくげいかいのがっそうでしきしゃをやったことがある。
6,操,そう,スマホを[操]作して友達に写真を送る。,スマホをそうさしてともだちにしゃしんをおくる。
6,敬,うやま,先祖を[敬]って毎年お墓参りに行く。,せんぞをうやまってまいとしおはかまいりにいく。
6,敬,けい,先生には[敬]語を使って話す。,せんせいにはけいごをつかってはなす。
6,敵,てき,ダンジョンの中で強[敵]に出くわす。,ダンジョンのなかできょうてきにでくわす。
6,映,うつ,雨が降った後の水たまりに、青い空が[映]っている。,あめがふったあとのみずたまりに、あおいそらがうつっている。
6,映,えい,ねぼうした！楽しみにしていた[映]画に間に合わなくなってしまいそうだ。,ねぼうした！たのしみにしていたえいがにまにあわなくなってしまいそうだ。
6,晩,ばん,旅先の旅館で一[晩]過ごす。,たびさきのりょかんでいちばんすごす。
6,暖,あたた,[暖]かくなり、積もっていた雪もとけた。,あたたかくなり、つもっていたゆきもとけた。
6,暖,あたた,夜が明けて[暖]かな太陽の光が降り注ぐ。,よるがあけてあたたかなたいようのひかりがふりそそぐ。
6,暖,だん,ハワイは一年中、温[暖]な気候だ。,ハワイはいちねんちゅう、おんだんなきこうだ。
6,暮,く,日が[暮]れるまで遊びに夢中になる。,ひがくれるまであそびにむちゅうになる。
6,朗,ろう,ニュースキャスターは明[朗]な発音が大事だ。,ニュースキャスターはめいろうなはつおんがだいじだ。
6,机,つくえ,[机]の引き出しに日記をかくしておく。,つくえのひきだしににっきをかくしておく。
6,枚,まい,クラス全員に配るプリントの[枚]数を確認する。,クラスぜんいんにくばるプリントのまいすうをかくにんする。
6,染,そ,服が絵の具で赤く[染]まる。,ふくがえのぐであかくそまる。
6,株,かぶ,木こりが切り[株]にすわって休んだ。,きこりがきりかぶにすわってやすんだ。
6,棒,ぼう,ひまつぶしに[棒]人間の落書きをする。,ひまつぶしにぼうにんげんのらくがきをする。
6,模,ぼ,大規[模]な花火大会が開かれる。,だいきぼなはなびたいかいがひらかれる。
6,模,も,市松[模]様のハンカチを買う。,いちまつもようのハンカチをかう。
6,権,けん,日本では国の主[権]を国民が持っている。,にっぽんではくにのしゅけんをこくみんがもっている。
6,樹,じゅ,広葉[樹]林の地図記号を忘れる。,こうようじゅりんのちずきごうをわすれる。
6,欲,よく,かぜのせいで食[欲]が出ない。,かぜのせいでしょくよくがでない。
6,段,だん,下[段]の引き出しからくつ下を取り出す。,げだんのひきだしからくつしたをとりだす。
6,沿,えん,潮の香りのする[沿]岸の町を散歩する。,しおのかおりのするえんがんのまちをさんぽする。
6,沿,そ,ミシン目に[沿]って少しずつ、ていねいに切りはなす。,ミシンめにそってすこしずつ、ていねいにきりはなす。
6,泉,いずみ,[泉]に落としたおのが神様の頭にぶつかる。,いずみにおとしたおのがかみさまのあたまにぶつかる。
6,泉,せん,温[泉]上がりに冷たい牛乳を飲む。,おんせんあがりにつめたいぎゅうにゅうをのむ。
6,洗,あら,車についたどろを[洗]い流す。,くるまについたどろをあらいながす。
6,洗,せん,父が[洗]面所でひげをそっている。,ちちがせんめんじょでひげをそっている。
6,派,は,芸人が[派]手な衣しょうを着て登場する。,げいにんがはでないしょうをきてとうじょうする。
6,済,さい,全ての借金を返[済]する。,すべてのしゃっきんをへんさいする。
6,済,す,仕事を午前のうちに[済]ませる。,しごとをごぜんのうちにすませる。
6,源,げん,パソコンの電[源]を切って出かける。,パソコンのでんげんをきってでかける。
6,源,みなもと,このひどいにおいの[源]はあのゴミ箱だ。,このひどいにおいのみなもとはあのごみばこだ。
6,潮,しお,海からの[潮]風で車がさびてしまう。,うみからのしおかぜでくるまがさびてしまう。
6,潮,ちょう,お祭りの盛り上がりが最高[潮]に達する。,おまつりのもりあがりがさいこうちょうにたっする。
6,激,げき,虫歯のあるところから[激]痛がする。,むしばのあるところからげきつうがする。
6,激,はげ,口げんかがどんどん[激]しくなっていった。,くちげんかがどんどんはげしくなっていった。
6,灰,はい,[灰]色の絵の具を使ってネズミの絵をかく。,はいいろのえのぐをつかってネズミのえをかく。
6,熟,じゅく,真っ赤に[熟]したリンゴにかぶりつく。,まっかにじゅくしたリンゴにかぶりつく。
6,片,かた,ケンカになり、[片]っぱしからものを投げつける。,ケンカになり、かたっぱしからものをなげつける。
6,班,はん,[班]ごとに集まって話し合いをする。,はんごとにあつまってはなしあいをする。
6,異,い,遠い[異]国の歴史に思いをはせる。,とおいいこくのれきしにおもいをはせる。
6,異,こと,吉田くんとは[異]なる意見を発表する。,よしだくんとはことなるいけんをはっぴょうする。
6,疑,うたが,警察に[疑]われてしまう。,けいさつにうたがわれてしまう。
6,疑,ぎ,図かんで調べて[疑]問を解決する。,ずかんでしらべてぎもんをかいけつする。
6,痛,いた,部活でずっと走っていたから足が[痛]い。,ぶかつでずっとはしっていたからあしがいたい。
6,痛,いた,雨の日は古傷が[痛]む。,あめのひはふるきずがいたむ。
6,痛,つう,体を丸めて腹[痛]をこらえる。,からだをまるめてふくつうをこらえる。
6,皇,おう,大阪に[皇]子がやってきたというニュースが流れる。,おおさかにおうじがやってきたというニュースがながれる。
6,皇,こう,旅行の中で、東京にある[皇]居を見学する。,りょこうのなかで、とうきょうにあるこうきょをけんがくする。
6,盛,も,昨日のパーティーはとても[盛]り上がった。,きのうのパーティーはとてももりあがった。
6,盟,めい,国際連合には、ほぼ全ての国が加[盟]している。,こくさいれんごうには、ほぼすべてのくにがかめいしている。
6,看,かん,入院中に[看]護師さんと仲良くなった。,にゅういんちゅうにかんごしさんとなかよくなった。
6,砂,さ,[砂]漠気候の地域について調べる。,さばくきこうのちいきについてしらべる。
6,砂,すな,小さい子たちが[砂]場で遊んでいる。,ちいさいこたちがすなばであそんでいる。
6,磁,じ,方位[磁]針がくるってしまった。,ほういじしんがくるってしまった。
6,私,し,[私]有地に勝手に入る人を注意する。,しゆうちにかってにはいるひとをちゅういする。
6,秘,ひ,極[秘]の資料がぬすまれてしまう。,ごくひのしりょうがぬすまれてしまう。
6,穀,こく,[穀]物を主食にしている。,こくもつをしゅしょくにしている。
6,穴,あな,ドッキリで芸人さんが落とし[穴]に落ちる。,ドッキリでげいにんさんがおとしあなにおちる。
6,窓,そう,卒業した学校から同[窓]会の案内が届く。,そつぎょうしたがっこうからどうそうかいのあんないがとどく。
6,窓,まど,市役所の[窓]口に書類を提出する。,しやくしょのまどぐちにしょるいをていしゅつする。
6,筋,きん,運動会の次の日に[筋]肉痛になった。,うんどうかいのつぎのひにきんにくつうになった。
6,筋,すじ,背[筋]を真っすぐのばして身長を測る。,せすじをまっすぐのばしてしんちょうをはかる。
6,策,さく,手洗いやうがいなどのインフルエンザ対[策]をする。,てあらいやうがいなどのインフルエンザたいさくをする。
6,簡,かん,[簡]単な問題だと思ったらひっかけ問題だった。,かんたんなもんだいだとおもったらひっかけもんだいだった。
6,糖,とう,ぶどう[糖]は脳みそのエネルギーになる。,ぶどうとうはのうみそのエネルギーになる。
6,系,けい,家[系]図が倉庫のおくから見つかった。,かけいずがそうこのおくからみつかった。
6,紅,こう,クッキーといっしょに[紅]茶を飲む。,クッキーといっしょにこうちゃをのむ。
6,紅,べに,焼きそばに[紅]しょうがをのせて食べる。,やきそばにべにしょうがをのせてたべる。
6,納,おさ,国に税金を[納]める。,くににぜいきんをおさめる。
6,納,のう,注文された品物を[納]品する。,ちゅうもんされたしなものをのうひんする。
6,純,じゅん,おにごっこのルールは単[純]だ。,おにごっこのルールはたんじゅんだ。
6,絹,きぬ,[絹]の糸で編んだスカーフを首に巻く。,きぬのいとであんだスカーフをくびにまく。
6,縦,じゅう,電車を操[縦]して駅に止める。,でんしゃをそうじゅうしてえきにとめる。
6,縦,たて,背の順で[縦]一列に並んですわる。,せのじゅんでたてかずなみにならんですわる。
6,縮,しゅく,近道を通って時間を短[縮]する。,ちかみちをとおってじかんをたんしゅくする。
6,縮,ちぢ,鉄球が冷やされて[縮]んだ。,てっきゅうがひやされてちぢんだ。
6,署,しょ,犯人が警察[署]に連行される。,はんにんがけいさつしょにれんこうされる。
6,翌,よく,手術をした[翌]日はずっとねていた。,しゅじゅつをしたよくじつはずっとねていた。
6,聖,せい,オリンピック会場に[聖]火がともされる。,オリンピックかいじょうにせいかがともされる。
6,肺,はい,[肺]の病気にかかってしまう。,はいのびょうきにかかってしまう。
6,胃,い,おなかが痛いから、[胃]腸薬を飲んだ。,おなかがいたいから、いちょうやくをのんだ。
6,背,せ,孫の手で[背]中をかく。,まごのてでせなかをかく。
6,背,せい,久しぶりに会った親せきと[背]比べする。,ひさしぶりにあったしんせきとせいくらべする。
6,背,はい,敵が[背]後からおそいかかる。,てきがはいごからおそいかかる。
6,胸,きょう,常にちょう戦し続けるには、度[胸]が大切だ。,つねにちょうせんしつづけるには、どきょうがたいせつだ。
6,胸,むね,卒業式の日に先生が言った言葉を[胸]に刻む。,そつぎょうしきのひにせんせいがいったことばをむねにきざむ。
6,脳,のう,各国の首[脳]が集まって話し合う。,かっこくのしゅのうがあつまってはなしあう。
6,腸,ちょう,胃[腸]が弱くて、よくおなかが痛くなる。,いちょうがよわくて、よくおなかがいたくなる。
6,腹,はら,あいつ、[腹]黒いやつだから気をつけろよ。,あいつ、はらぐろいやつだからきをつけろよ。
6,腹,ふく,あめを食べて、空[腹]感をごまかす。,あめをたべて、くうふくかんをごまかす。
6,臓,ぞう,全力で走ったから心[臓]がドキドキしている。,ぜんりょくではしったからしんぞうがドキドキしている。
6,臨,りん,映画で、[臨]場感のある演出にドキドキする。,えいがで、りんじょうかんのあるえんしゅつにドキドキする。
6,至,いた,部屋の[至]る所にぬいぐるみが置いてある。,へやのいたるところにぬいぐるみがおいてある。
6,至,し,ここから逆転するのは[至]難のわざだ。,ここからぎゃくてんするのはしなんのわざだ。
6,舌,した,いらついて[舌]打ちしてしまう。,いらついてしたうちしてしまう。
6,若,わか,テレビ番組で[若]者の意見がしょうかいされる。,テレビばんぐみでわかもののいけんがしょうかいされる。
6,著,ちょ,好きな本の[著]者にサインを書いてもらった。,すきなほんのちょしゃにサインをかいてもらった。
6,蒸,じょう,水[蒸]気が空の上で雲になる。,すいじょうきがそらのうえでくもになる。
6,蔵,ぞう,おじいさんがお地[蔵]さんにかさをかぶせる。,おじいさんがおじぞうさんにかさをかぶせる。
6,蚕,かいこ,[蚕]のまゆから糸をとる。,かいこのまゆからいとをとる。
6,蚕,さん,昔の群馬県は養[蚕]がさかんだった。,むかしのぐんまけんはようさんがさかんだった。
6,衆,しゅう,公[衆]電話はあまり見たことがない。,こうしゅうでんわはあまりみたことがない。
6,裁,さい,[裁]判所の前に人だかりができる。,さいばんしょのまえにひとだかりができる。
6,裁,さば,えんま大王によって罪が[裁]かれる。,えんまだいおうによってつみがさばかれる。
6,装,そう,ちゃんとした服[装]でけっこん式に出席する。,ちゃんとしたふくそうでけっこんしきにしゅっせきする。
6,裏,うら,プリントの[裏]に落書きをする。,プリントのうらにらくがきをする。
6,補,おぎな,人手の足りなさをロボットで[補]う。,ひとでのたりなさをロボットでおぎなう。
6,補,ほ,リーダーの発表を助手として[補]助する。,リーダーのはっぴょうをじょしゅとしてほじょする。
6,視,し,周りからの[視]線を気にしてしまう。,まわりからのしせんをきにしてしまう。
6,覧,らん,遊園地で観[覧]車に乗る。,ゆうえんちでかんらんしゃにのる。
6,討,とう,授業で[討]論会を行う。,じゅぎょうでとうろんかいをおこなう。
6,訪,たず,[訪]ねてきたお客さんを笑顔でむかえる。,たずねてきたおきゃくさんをえがおでむかえる。
6,訪,ほう,遠い場所からの来[訪]者。,とおいばしょからのらいほうしゃ。
6,訳,やく,英語から日本語にほん[訳]された本を読む。,えいごからにほんごにほんやくされたほんをよむ。
6,訳,わけ,どうすればそうなるのか、まるで[訳]が分からない。,どうすればそうなるのか、まるでわけがわからない。
6,詞,し,好きな曲の歌[詞]を覚える。,すきなきょくのかしをおぼえる。
6,誌,し,書いた日[誌]を先生にわたして帰る。,かいたにっしをせんせいにわたしてかえる。
6,認,みと,かの女の両親にけっこんを[認]めてもらう。,かのおんなのりょうしんにけっこんをみとめてもらう。
6,誕,たん,母の[誕]生日プレゼントを買いに行く。,ははのたんじょうびプレゼントをかいにいく。
6,誠,せい,お客さんに対して[誠]実な商売をする。,おきゃくさんにたいしてせいじつなしょうばいをする。
6,誤,あやま,[誤]った県庁所在地を覚えてしまう。,あやまったけんちょうしょざいちをおぼえてしまう。
6,誤,ご,[誤]解が原因で大ゲンカになった。,ごかいがげんいんでおおげんかになった。
6,論,ろん,この重大な議[論]は何日も続いた。,このじゅうだいなぎろんはなんにちもつづいた。
6,諸,しょ,小笠原[諸]島は世界遺産に登録されている。,おがさわらしょとうはせかいいさんにとうろくされている。
6,警,けい,どろぼうがいたので[警]察に通報した。,どろぼうがいたのでけいさつにつうほうした。
6,貴,き,銭湯で[貴]重品をコインロッカーに預ける。,せんとうできちょうひんをコインロッカーにあずける。
6,賃,ちん,大家さんに今月の家[賃]をわたす。,おおやさんにこんげつのやちんをわたす。
6,退,しりぞ,味方の活やくで敵は[退]いていった。,みかたのかつやくでてきはしりぞいていった。
6,退,たい,お札でようかいを[退]治する。,おさつでようかいをたいじする。
6,遺,い,ある[遺]せきから、とんでもないお宝が見つかった。,あるいせきから、とんでもないおたからがみつかった。
6,郵,ゆう,ポストから[郵]便物が回収される。,ポストからゆうびんぶつがかいしゅうされる。
6,郷,きょう,旅行先で[郷]土料理をごちそうしてもらった。,りょこうさきできょうどりょうりをごちそうしてもらった。
6,針,しん,[針]路を東にとって船が出発する。,しんろをひがしにとってふねがしゅっぱつする。
6,針,はり,時計の[針]が六分おくれている。,とけいのはりがろくふんおくれている。
6,銭,せん,家のおふろがこわれたので[銭]湯に行く。,いえのおふろがこわれたのでせんとうにいく。
6,鋼,こう,[鋼]鉄のよろいを着ていくさに出る。,こうてつのよろいをきていくさにでる。
6,閉,し,窓を[閉]め忘れたまま、ねむってしまう。,まどをしめわすれたまま、ねむってしまう。
6,閉,と,まぶしい光に思わず目を[閉]じる。,まぶしいひかりにおもわずめをとじる。
6,閉,へい,お客様、そろそろ[閉]店の時間ですよ。,おきゃくさま、そろそろへいてんのじかんですよ。
6,閣,かく,にん者が天守[閣]にしのびこむ。,にんじゃがてんしゅかくにしのびこむ。
6,降,お,電車を[降]りて新幹線に乗りかえる。,でんしゃをおりてしんかんせんにのりかえる。
6,降,こう,いきなりの[降]雨でびしょぬれになった。,いきなりのこううでびしょぬれになった。
6,降,ふ,[降]ってきた鳥のフンに当たりかける。,ふってきたとりのフンにあたりかける。
6,陛,へい,天皇[陛]下から国民に向けたお言葉が報道される。,てんのうへいかからこくみんにむけたおことばがほうどうされる。
6,除,じょ,家の前の雪を[除]雪する。,いえのまえのゆきをじょせつする。
6,除,のぞ,じゃがいもから芽を取り[除]く。,じゃがいもからめをとりのぞく。
6,障,しょう,和室の[障]子を張りかえる。,わしつのしょうじをはりかえる。
6,難,なん,テストで最後の[難]問に苦戦する。,テストでさいごのなんもんにくせんする。
6,難,むずか,だれにも解けないくらい[難]しいめいろを作る。,だれにもとけないくらいむずかしいめいろをつくる。
6,革,かく,昔、イギリスで産業[革]命が起こった。,むかし、イギリスでさんぎょうかくめいがおこった。
6,頂,いただ,せんぱいから旅行のおみやげを[頂]いた。,せんぱいからりょこうのおみやげをいただいた。
6,頂,いただき,山の[頂]に雲がかかる。,やまのいただきにくもがかかる。
6,頂,ちょう,富士山の山[頂]からのながめは絶景だ。,ふじやまのさんちょうからのながめはぜっけいだ。
6,預,あず,銀行にお金を[預]ける。,ぎんこうにおかねをあずける。
6,預,あず,飛行機に乗る前に荷物を[預]かってもらう。,ひこうきにのるまえににもつをあずかってもらう。
6,預,よ,[預]金通帳をタンスのおくにしまう。,よきんつうちょうをタンスのおくにしまう。
6,骨,こつ,工事現場に鉄[骨]が運ばれてきた。,こうじげんばにてっこつがはこばれてきた。
6,骨,ほね,勢いよく転んで[骨]にヒビが入ってしまった。,いきおいよくころんでほねにヒビがはいってしまった。
